gtin;descricao;marca;ncm;ncm_descricao;gpc;gpc_descricao;categoria;categoria_id;categoria_pai_id;peso_liquido;peso_bruto;preco_medio;preco_min;preco_max;gtins_alternativos;thumbnail;criado_em;atualizado_em;fontes
40534695;CERVEJA CLAUSTHALER CLASSIC S/ALCOOL;;22030000;Cervejas de malte.;10000159;Cerveja;;;;;;;0.0;0.0;;;2014-04-24T11:07:34.000-03:00;2026-08-19T00:34:00.000-03:00;ncm:22030000
41024355;CERVEJA PILSEN BITBURGER LATA 500ML;PACERS;22030000;Cervejas de malte.;10000159;Cerveja;Cervejas Tradicionais;141;203;;;;0.0;0.0;4102430002404;https://cdn-cosmos.bluesoft.com.br/products/41024355;2014-04-24T11:07:34.000-03:00;2026-08-19T00:37:04.000-03:00;ncm:22030000
50196166;WHISKY BLACK & WHITE;;22083020;Em embalagens de capacidade inferior ou igual a 2 l;;;Whisky;147;69;;;;0.0;0.0;;https://cdn-cosmos.bluesoft.com.br/products/50196166;2014-04-24T11:07:34.000-03:00;2026-05-27T21:18:13.000-03:00;ncm:22083020
75032715;CORONA EXTRA;CORONA;22030000;Cervejas de malte.;10000159;Cerveja;;;;;;;0.0;0.0;7501064194177|7501064191299;;2014-04-24T11:07:34.000-03:00;2026-07-29T02:04:09.000-03:00;ncm:22030000
78912854;CACHAÇA 29 GARRAFA 600ML;;22084000;Rum e outras aguardentes provenientes da destilação, após fermentação, de produtos da cana-de-açúcar;;;;;;;;;0.0;0.0;;https://cdn-cosmos.bluesoft.com.br/products/78912854;2014-04-24T11:07:34.000-03:00;2026-09-11T19:19:18.000-03:00;ncm:22084000
78929203;CERVEJA CERPA TIJUCA PREMIO L NECK;TIJUCA;22030000;Cervejas de malte.;10000159;Cerveja;Cervejas Especiais;204;203;;;;0.0;0.0;7896388000595|7896388000588;https://cdn-cosmos.bluesoft.com.br/products/78929203;2014-04-24T11:07:34.000-03:00;2026-05-14T11:17:36.000-03:00;ncm:22030000
9125002135;ANDERSON VALLEY HEELCH O'HOPS DOUBLE IPA;;22030000;Cervejas de malte.;10000159;Cerveja;;;;;;;0.0;0.0;;https://cdn-cosmos.bluesoft.com.br/products/9125002135;2014-04-24T11:07:34.000-03:00;2026-05-14T12:42:54.000-03:00;ncm:22030000
16697000292;CHARDONNAY SONOMA CUVEE;EL GUAPO;22042910;Vinhos;;;Vinhos;74;65;;;;0.0;0.0;;https://cdn-cosmos.bluesoft.com.br/products/16697000292;2015-09-16T23:04:50.000-03:00;2021-10-17T07:07:30.000-03:00;ncm:22042910
16697006669;PINOT NOIR;;22042910;Vinhos;;;Vinhos;74;65;;;;0.0;0.0;;https://cdn-cosmos.bluesoft.com.br/products/16697006669;2015-09-16T20:10:20.000-03:00;2023-05-30T10:10:17.000-03:00;ncm:22042910
27484310210;LICOR NOCELLO C/EXPRESSO;;22042100;Em recipientes de capacidade não superior a 2 l;;;;;;1;1;;0.0;0.0;;;2014-04-24T11:07:34.000-03:00;2021-10-05T05:08:50.000-03:00;ncm:22042100
80432403020;WHISKY GLEN GRANT 1L;;22083020;Em embalagens de capacidade inferior ou igual a 2 l;;;;;;;;;0.0;0.0;;https://cdn-cosmos.bluesoft.com.br/products/80432403020;2014-04-24T11:07:34.000-03:00;2026-04-19T08:45:38.000-03:00;ncm:22083020
80516135342;SOFT ROSE WINE;;22059000;Outros;;;;;;;;;0.0;0.0;;https://cdn-cosmos.bluesoft.com.br/products/80516135342;2014-04-24T11:07:34.000-03:00;2025-11-18T09:07:20.000-03:00;ncm:22059000
80686816157;WHISKY CANADIAN CLUB;;22083020;Em embalagens de capacidade inferior ou igual a 2 l;;;;;;;;;0.0;0.0;;https://cdn-cosmos.bluesoft.com.br/products/80686816157;2014-04-24T11:07:34.000-03:00;2025-12-25T06:24:56.000-03:00;ncm:22083020
81054594301;CALIFORNIA SHIRAZ 2002;;22042910;Vinhos;10000273;Vinho - Fortificado;Vinhos;74;65;;;;0.0;0.0;;https://cdn-cosmos.bluesoft.com.br/products/81054594301;2015-09-16T19:29:03.000-03:00;2022-01-04T12:49:02.000-03:00;ncm:22042910
81054594400;CALIFORNIA CHARDONNAY 2002;;22042910;Vinhos;10000273;Vinho - Fortificado;Vinhos;74;65;;;;0.0;0.0;10081054594407;https://cdn-cosmos.bluesoft.com.br/products/81054594400;2015-09-16T21:49:51.000-03:00;2021-10-17T07:07:29.000-03:00;ncm:22042910
82184245163;WHISKY JACK DANIELS 1L C/LATA;;22083020;Em embalagens de capacidade inferior ou igual a 2 l;;;;;;;;;0.0;0.0;;;2014-04-24T11:07:34.000-03:00;2025-06-30T16:15:10.000-03:00;ncm:22083020
88586000720;CABERNET SAUVIGNON VALLEY;CREST;22042100;Em recipientes de capacidade não superior a 2 l;;;Vinhos;74;65;;;;0.0;0.0;;https://cdn-cosmos.bluesoft.com.br/products/88586000720;2014-04-24T11:07:34.000-03:00;2024-08-13T21:54:55.000-03:00;ncm:22042100
88586001109;TWO VINES MERLOT;;22042100;Em recipientes de capacidade não superior a 2 l;;;;;;;;;0.0;0.0;;https://cdn-cosmos.bluesoft.com.br/products/88586001109;2014-04-24T11:07:34.000-03:00;2025-04-15T03:19:57.000-03:00;ncm:22042100
89627126508;VINHO AMER CONCANNON CAB SAUVIGNON;HERBAL CONCEPTS;22042100;Em recipientes de capacidade não superior a 2 l;;;;;;;;;0.0;0.0;;https://cdn-cosmos.bluesoft.com.br/products/89627126508;2014-04-24T11:07:34.000-03:00;2023-01-13T04:49:21.000-03:00;ncm:22042100
752183089166;VINHO BLEASDALE LANGHORNE;;22082000;Aguardentes de vinho ou de bagaço de uvas;;;;;;;;;0.0;0.0;;;2014-04-24T11:07:34.000-03:00;2023-01-24T02:16:52.000-03:00;ncm:22082000
758442031761;ESPUM NAC GEORGES AUBERT MOSCATEL;;22041010;Tipo champanha (champagne);;;;;;;;;0.0;0.0;60758442031770;;2014-04-24T11:07:34.000-03:00;2024-08-13T01:33:31.000-03:00;ncm:22041010
758442032591;CHAMP GEORGES AUBERT PROSECCO;;22043000;Outros mostos de uvas;;;;;;750;788;;0.0;0.0;60758442032593;;2014-04-24T11:07:34.000-03:00;2024-08-14T19:06:44.000-03:00;ncm:22043000
781597236002;FILTRADO ROSSONI MIL.BCO 660ML;ROSSONI;22043000;Outros mostos de uvas;;;;;;;;;0.0;0.0;;;2016-04-06T02:10:55.000-03:00;2021-10-17T07:07:48.000-03:00;ncm:22043000
781597246001;FILTRADO ROSSONI MIL.ROSAD.660;;22043000;Outros mostos de uvas;;;;;;;;;0.0;0.0;;;2016-04-06T01:56:28.000-03:00;2021-10-17T07:07:46.000-03:00;ncm:22043000
3024480007578;COGNAC REMY MARTIN FINE C/2 CP;;22041010;Tipo champanha (champagne);;;;;;;;;0.0;0.0;;;2014-04-24T11:07:34.000-03:00;2026-07-23T20:51:13.000-03:00;ncm:22041010
3035131780108;ESPUM FRA BARTON&G BRUT CHARDONNAY;;22041090;Outros;;;;;;;;;0.0;0.0;3035131112916;;2014-04-24T11:07:34.000-03:00;2026-07-23T20:52:16.000-03:00;ncm:22041090
3043700103814;CHAMPAGNE FRANCÊS BRANCO BRUT MUMM CORDON ROUGE PINOT NOIR REIMS GARRAFA 750ML;MUMM;22041010;Tipo champanha (champagne);50000000;Alimentos / Bebidas / Tabaco;;;;;;;0.0;0.0;;https://cdn-cosmos.bluesoft.com.br/products/3043700103814;2014-04-24T11:07:34.000-03:00;2026-07-23T20:52:31.000-03:00;ncm:22041010
3049614003417;CHAMPAGNE FRANCÊS ROSÉ BRUT VEUVE CLICQUOT PINOT NOIR PINOT MEUNIER CHARDONNAY REIMS GARRAFA 750ML;VEUVE CLICQUOT;22041010;Tipo champanha (champagne);;;;;;;;;0.0;0.0;;https://cdn-cosmos.bluesoft.com.br/products/3049614003417;2014-04-24T11:07:34.000-03:00;2026-08-13T00:33:51.000-03:00;ncm:22041010
3049614108471;CHAMPAGNE VEUVE CLICQUOT SHOPPING BAG BRUT;;22041010;Tipo champanha (champagne);;;;;;;;;0.0;0.0;;https://cdn-cosmos.bluesoft.com.br/products/3049614108471;2014-04-24T11:07:34.000-03:00;2026-07-23T20:52:58.000-03:00;ncm:22041010
3049614113314;CHAMPAGNE VEUVE CLICQUOT PAINT BOX;;22041010;Tipo champanha (champagne);;;;;;;;;0.0;0.0;;;2014-04-24T11:07:34.000-03:00;2026-07-23T20:52:59.000-03:00;ncm:22041010
3049614114670;CHAMPAGNE VEUVE CLICQUOT CLICQ UP BRUT;;22041010;Tipo champanha (champagne);;;;;;;;;0.0;0.0;;;2014-04-24T11:07:34.000-03:00;2026-08-15T02:16:16.000-03:00;ncm:22041010
3049614126918;CHAMPAGNE VEUVE CLICQUOT PONSARDINE BRUT;;22041010;Tipo champanha (champagne);;;;;;;;;0.0;0.0;;https://cdn-cosmos.bluesoft.com.br/products/3049614126918;2014-04-24T11:07:34.000-03:00;2026-07-23T20:53:00.000-03:00;ncm:22041010
3058080097547;VENVE DU VERNAY|750|WINE;VEUVE DU VERNAY;22042100;Em recipientes de capacidade não superior a 2 l;50000000;Alimentos / Bebidas / Tabaco;Espumante e Champanhe;143;140;1609;1609;;0.0;0.0;3058080097882|3058080137564;https://cdn-cosmos.bluesoft.com.br/products/3058080097547;2014-04-24T11:07:34.000-03:00;2026-09-05T03:19:19.000-03:00;ncm:22042100
3185370000335;CHAMPAGNE FRANCÊS BRANCO BRUT MOËT & CHANDON IMPÉRIAL PINOT NOIR PINOT MEUNIER CHARDONNAY EPERNAY GARRAFA 750ML;MOËT & CHANDON;22041010;Tipo champanha (champagne);50000000;Alimentos / Bebidas / Tabaco;Espumante e Champanhe;143;140;;;;0.0;0.0;;https://cdn-cosmos.bluesoft.com.br/products/3185370000335;2014-04-24T11:07:34.000-03:00;2026-07-23T21:01:06.000-03:00;ncm:22041010
3185370074831;CHAMPAGNE FRANCÊS ROSÉ BRUT MOËT & CHANDON IMPÉRIAL PINOT NOIR PINOT MEUNIER CHARDONNAY EPERNAY GARRAFA 750ML;MOËT & CHANDON;22041010;Tipo champanha (champagne);;;;;;;;;0.0;0.0;3185370405307;https://cdn-cosmos.bluesoft.com.br/products/3185370074831;2014-04-24T11:07:34.000-03:00;2026-08-14T00:30:48.000-03:00;ncm:22041010
3185370473320;KIT CHAMP MOET CHANDON ROSE;;22041010;Tipo champanha (champagne);;;;;;;;;0.0;0.0;;;2014-04-24T11:07:34.000-03:00;2026-07-23T21:01:12.000-03:00;ncm:22041010
3185370485095;VINTAGE CHAMPAGNE 4 GIFT BASKET CHOICES 75 CL;DOM PÉRIGNON;22041010;Tipo champanha (champagne);50000000;Alimentos / Bebidas / Tabaco;;;;1;1;;0.0;0.0;;https://cdn-cosmos.bluesoft.com.br/products/3185370485095;2014-04-24T11:07:34.000-03:00;2026-07-23T21:01:13.000-03:00;ncm:22041010
3186127725723;VINHO BARON DE PARIS ROUGE;;22059000;Outros;;;;;;;;;0.0;0.0;;;2014-04-24T11:07:34.000-03:00;2026-07-23T21:01:18.000-03:00;ncm:22059000
3245990969402;CONHAQUE VSOP HENNESSY GARRAFA 700ML;HENNESSY;22082000;Aguardentes de vinho ou de bagaço de uvas;50000000;Alimentos / Bebidas / Tabaco;Conhaque;149;69;;;;0.0;0.0;;https://cdn-cosmos.bluesoft.com.br/products/3245990969402;2014-04-24T11:07:34.000-03:00;2026-08-14T00:32:29.000-03:00;ncm:22082000
3256931113815;CHAMPAGNE HEIDSIEK M POMMERY;;22041010;Tipo champanha (champagne);;;;;;;;;0.0;0.0;;;2014-04-24T11:07:34.000-03:00;2026-07-23T21:04:47.000-03:00;ncm:22041010
3262850034605;VINHO CHATEAUNEUF PAPE CALVAIRE 750M;;22059000;Outros;;;;;;1;1;;0.0;0.0;;;2014-04-24T11:07:34.000-03:00;2026-07-23T21:05:29.000-03:00;ncm:22059000
3265120010149;AGUARD KIRSCH CEREJA;;22084000;Rum e outras aguardentes provenientes da destilação, após fermentação, de produtos da cana-de-açúcar;;;;;;;;;0.0;0.0;;;2014-04-24T11:07:34.000-03:00;2026-07-23T21:05:51.000-03:00;ncm:22084000
3269550712918;BRANDY CORTEL NAPOLEÓN V.S.O.P 700ML;;22082000;Aguardentes de vinho ou de bagaço de uvas;;;;;;;;;0.0;0.0;23269550712912;https://cdn-cosmos.bluesoft.com.br/products/3269550712918;2014-04-24T11:07:34.000-03:00;2026-08-14T00:34:10.000-03:00;ncm:22082000
3351650000818;VINHO FLEUR DE ROUGE;;22059000;Outros;;;;;;1;1;;0.0;0.0;;;2014-04-24T11:07:34.000-03:00;2026-07-23T21:11:29.000-03:00;ncm:22059000
3394150029965;VINHO CHATEAL MOULIN DE MALLET;;22051000;Em recipientes de capacidade não superior a 2 l;;;;;;;;;0.0;0.0;;;2014-04-24T11:07:34.000-03:00;2026-07-23T21:13:26.000-03:00;ncm:22051000
3500610006821;ESPUMANTE FRANCÊS BRANCO BRUT PIERLANT GARRAFA 750ML;;22059000;Outros;;;Espumante e Champanhe;143;140;;;;0.0;0.0;;https://cdn-cosmos.bluesoft.com.br/products/3500610006821;2014-04-24T11:07:34.000-03:00;2026-08-15T00:30:10.000-03:00;ncm:22059000
3500610006838;ESPUMANTE FRANCÊS BRANCO DEMI-SEC PIERLANT GARRAFA 750ML;;22059000;Outros;;;Espumante e Champanhe;143;140;;;;0.0;0.0;;https://cdn-cosmos.bluesoft.com.br/products/3500610006838;2014-04-24T11:07:34.000-03:00;2026-08-15T00:30:11.000-03:00;ncm:22059000
3760087760040;VINHO DOMAINE DE PELLEHAUT BETE GASTON;;22051000;Em recipientes de capacidade não superior a 2 l;;;;;;;;;0.0;0.0;;;2014-04-24T11:07:34.000-03:00;2026-07-23T21:25:23.000-03:00;ncm:22051000
4003310654914;VINHO ALEM DEINHARD GREEN LABEL RIESLING;MARCAS DIVERSAS;22042100;Em recipientes de capacidade não superior a 2 l;;;Vinho Branco;245;74;;;;0.0;0.0;;https://cdn-cosmos.bluesoft.com.br/products/4003310654914;2014-04-24T11:07:34.000-03:00;2026-07-23T21:29:30.000-03:00;ncm:22042100
4069600010303;BLACK TOWER TINTO PINOT NOIR 2009;;22042100;Em recipientes de capacidade não superior a 2 l;;;;;;;;;0.0;0.0;;https://cdn-cosmos.bluesoft.com.br/products/black-tower-tinto-pinot-noir-2009_300x300-PU63d5f_1.jpg;2014-04-24T11:07:34.000-03:00;2026-08-19T00:36:01.000-03:00;ncm:22042100
5000196001695;WHISKY ESCOCÊS BLENDED SPECIAL RESERVE BUCHANANS GARRAFA 750ML;BUCHANAN'S;22083020;Em embalagens de capacidade inferior ou igual a 2 l;;;Whisky;147;69;;;;0.0;0.0;5000196001701;https://cdn-cosmos.bluesoft.com.br/products/5000196001695;2014-04-24T11:07:34.000-03:00;2026-07-25T01:28:11.000-03:00;ncm:22083020
5000267014401;WHISKY JOHNNIE WALKER RED LABEL;J.WALKER;22083020;Em embalagens de capacidade inferior ou igual a 2 l;;;Whisky;147;69;;;;0.0;0.0;5000267014418;https://cdn-cosmos.bluesoft.com.br/products/5000267014401;2014-04-24T11:07:34.000-03:00;2026-08-31T13:24:59.000-03:00;ncm:22083020
5000267102634;WHISKY ESCOCÊS SINGLE MALT CARDHU GARRAFA 1L;CARDHU;22083020;Em embalagens de capacidade inferior ou igual a 2 l;;;Whisky;147;69;;;;0.0;0.0;;https://cdn-cosmos.bluesoft.com.br/products/5000267102634;2014-04-24T11:07:34.000-03:00;2026-07-25T01:28:33.000-03:00;ncm:22083020
5000281003474;WHISKY GRAND OLD PARR SUPERIOR;;22083020;Em embalagens de capacidade inferior ou igual a 2 l;;;;;;;;;0.0;0.0;;;2014-04-24T11:07:34.000-03:00;2026-07-25T01:28:51.000-03:00;ncm:22083020
5000299211243;WHISKY ESCOCÊS BLENDED ROYAL SALUTE THE SIGNATURE BLEND GARRAFA 700ML;ROYAL TALENS;22083020;Em embalagens de capacidade inferior ou igual a 2 l;;;Whisky;147;69;;;;0.0;0.0;5000299211267;https://cdn-cosmos.bluesoft.com.br/products/5000299211243;2014-04-24T11:07:34.000-03:00;2026-07-25T01:29:01.000-03:00;ncm:22083020
5000299212691;WHISKY CHIVAS 12 ANOS 1LT;CHIVAS REGAL;22083020;Em embalagens de capacidade inferior ou igual a 2 l;50000000;Alimentos / Bebidas / Tabaco;;;;;;;0.0;0.0;;https://cdn-cosmos.bluesoft.com.br/products/5000299212691;2014-04-24T11:07:34.000-03:00;2026-07-25T01:29:03.000-03:00;ncm:22083020
5000299225028;WHISKY ESCOCÊS BLENDED GOLD SIGNATURE CHIVAS REGAL GARRAFA 750ML;CHIVAS REGAL;22083020;Em embalagens de capacidade inferior ou igual a 2 l;;;Whisky;147;69;;;;0.0;0.0;5000299225110;https://cdn-cosmos.bluesoft.com.br/products/5000299225028;2014-04-24T11:07:34.000-03:00;2026-09-03T22:02:54.000-03:00;ncm:22083020
5010103803311;J & B RESERVE 15 ANOS 1 L;DIAGEO BRANDS;22083020;Em embalagens de capacidade inferior ou igual a 2 l;50000000;Alimentos / Bebidas / Tabaco;;;;;;;0.0;0.0;;https://cdn-cosmos.bluesoft.com.br/products/j-b-reserve-15-anos-1-l_300x300-PU81371_1.jpg;2014-04-24T11:07:34.000-03:00;2026-07-25T01:29:28.000-03:00;ncm:22083020
5010103902564;WHISKY J&B RESERVE 15Y;;22083020;Em embalagens de capacidade inferior ou igual a 2 l;;;;;;;;;0.0;0.0;;;2014-04-24T11:07:34.000-03:00;2026-07-25T01:29:29.000-03:00;ncm:22083020
5010106110157;WHISKY BALLANTINES 17 ANOS;BALLANTINES;22083020;Em embalagens de capacidade inferior ou igual a 2 l;;;Whisky;147;69;;;;0.0;0.0;;https://cdn-cosmos.bluesoft.com.br/products/5010106110157;2014-04-24T11:07:34.000-03:00;2026-07-25T01:29:31.000-03:00;ncm:22083020
5010196075091;JURA 16 ANOS 0,;ISLE OF JURA;22083020;Em embalagens de capacidade inferior ou igual a 2 l;;;Whisky;147;69;;;;0.0;0.0;;https://cdn-cosmos.bluesoft.com.br/products/jura-16-anos-0-700-l_300x300-PU56803_1.jpg;2014-04-24T11:07:34.000-03:00;2026-07-25T01:29:38.000-03:00;ncm:22083020
5010314073008;WHISKY FAMOUS GROUSE 1L BLACK;;22083020;Em embalagens de capacidade inferior ou igual a 2 l;;;;;;;;;0.0;0.0;;;2014-04-24T11:07:34.000-03:00;2026-07-25T01:29:41.000-03:00;ncm:22083020
5010314441067;FAMOUSE GROUSE 12YEARS|1000|SCOTCH WHISKEY;;22083020;Em embalagens de capacidade inferior ou igual a 2 l;;;;;;;;;0.0;0.0;;;2014-04-24T11:07:34.000-03:00;2026-07-25T01:29:45.000-03:00;ncm:22083020
5010327000176;WHISKY ESCOCÊS SINGLE MALT 12 ANOS GLENFIDDICH GARRAFA 750ML;GLENFIDDICH;22083020;Em embalagens de capacidade inferior ou igual a 2 l;;;Whisky;147;69;;;;0.0;0.0;;https://cdn-cosmos.bluesoft.com.br/products/5010327000176;2014-04-24T11:07:34.000-03:00;2026-07-25T01:29:46.000-03:00;ncm:22083020
5010327302201;GLENFIDDICH 12 ANOS 1 L;;22083020;Em embalagens de capacidade inferior ou igual a 2 l;;;;;;;;;0.0;0.0;;https://cdn-cosmos.bluesoft.com.br/products/glenfiddich-12-anos-1-l_300x300-PU5604c_1.jpg;2014-04-24T11:07:34.000-03:00;2026-08-15T10:19:17.000-03:00;ncm:22083020
5013967005006;THE DALMORE 15 ANOS 0,;WHYTE & MACKAY;22083020;Em embalagens de capacidade inferior ou igual a 2 l;;;;;;;;;0.0;0.0;;https://cdn-cosmos.bluesoft.com.br/products/the-dalmore-15-anos-0-700-l_300x300-PU566c8_1.jpg;2014-04-24T11:07:34.000-03:00;2026-07-25T01:31:41.000-03:00;ncm:22083020
5024546356587;GRAND MACNISH 8 ANOS 1 L;GRAND MACNISH;22083090;Outros;;;;;;;;;0.0;0.0;;https://cdn-cosmos.bluesoft.com.br/products/grand-macnish-8-anos-1-l_300x300-PU565b9_1.jpg;2014-04-24T11:07:34.000-03:00;2026-07-25T01:32:59.000-03:00;ncm:22083090
5024546366630;HM | CONTEMPORARY SOLID BRASS BATHROOM SINK FAUCET CHROME FINISH;HM;22083090;Outros;;;;;;;;;0.0;0.0;;https://cdn-cosmos.bluesoft.com.br/products/5024546366630;2015-09-17T06:17:10.000-03:00;2026-08-04T19:10:38.000-03:00;ncm:22083090
5060154910216;CERVEJA BREW DOG PUNK;;22030000;Cervejas de malte.;10000159;Cerveja;;;;;;;0.0;0.0;;https://cdn-cosmos.bluesoft.com.br/products/5060154910216;2014-04-24T11:07:34.000-03:00;2026-07-25T01:35:46.000-03:00;ncm:22030000
5410908000012;CERVEJA BROWN ALE CHIMAY RED GARRAFA 330ML;CHIMAY;22030000;Cervejas de malte.;10000159;Cerveja;Cervejas Tradicionais;141;203;;;;0.0;0.0;15410908000019;https://cdn-cosmos.bluesoft.com.br/products/5410908000012;2014-04-24T11:07:34.000-03:00;2026-07-25T01:42:13.000-03:00;ncm:22030000
5410908000029;CERVEJA TRIPLE ALE CHIMAY GARRAFA 330ML;CHIMAY;22030000;Cervejas de malte.;10000159;Cerveja;Cervejas Tradicionais;141;203;;;;0.0;0.0;15410908000026;https://cdn-cosmos.bluesoft.com.br/products/5410908000029;2014-04-24T11:07:34.000-03:00;2026-07-25T01:42:13.000-03:00;ncm:22030000
5410908000036;CERVEJA BELGIAN ALE CHIMAY BLUE GARRAFA 330ML;CHIMAY;22030000;Cervejas de malte.;10000159;Cerveja;Cervejas Tradicionais;141;203;;;;0.0;0.0;15410908000033;https://cdn-cosmos.bluesoft.com.br/products/5410908000036;2014-04-24T11:07:34.000-03:00;2026-07-25T01:42:13.000-03:00;ncm:22030000
5411676800408;CERVEJA BLANCHE DE BRUXELLES CLARA;;22030000;Cervejas de malte.;10000159;Cerveja;;;;;;;0.0;0.0;;https://cdn-cosmos.bluesoft.com.br/products/5411676800408;2014-04-24T11:07:34.000-03:00;2026-07-25T01:42:47.000-03:00;ncm:22030000
5600221678238;VINHO PORTUGUÊS TINTO 2U TOURIGA FRANCA TINTA RORIZ CASTELÃO SYRAH QUINTA DA BOA VISTA BAG IN BOX 3L;;22042220;Mostos;;;Vinho Tinto;247;74;;;;0.0;0.0;;https://cdn-cosmos.bluesoft.com.br/products/5600221678238;2020-08-12T17:48:45.000-03:00;2024-08-14T07:21:02.000-03:00;ncm:22042220
5601164162105;CERVEJA CARLSBERG L NECK;;22030000;Cervejas de malte.;10000159;Cerveja;Cervejas Tradicionais;141;203;;;;0.0;0.0;15601164162102;;2014-04-24T11:07:34.000-03:00;2026-07-25T01:51:02.000-03:00;ncm:22030000
5601164284401;CERVEJA ABADIA RUBI;;22030000;Cervejas de malte.;10000159;Cerveja;;;;;;;0.0;0.0;;;2014-04-24T11:07:34.000-03:00;2026-07-25T01:51:02.000-03:00;ncm:22030000
5601164294400;CERVEJA ABADIA GOLD;;22030000;Cervejas de malte.;10000159;Cerveja;;;;;;;0.0;0.0;;;2014-04-24T11:07:34.000-03:00;2026-07-25T01:51:02.000-03:00;ncm:22030000
5601193200014;GINGINHA NATURAL NETO COSTA;;22059000;Outros;;;;;;;;;0.0;0.0;;;2014-04-24T11:07:34.000-03:00;2026-07-25T01:51:14.000-03:00;ncm:22059000
5601193300127;BAGACEIRA|1000|CACHACA;NETO COSTA;22082000;Aguardentes de vinho ou de bagaço de uvas;;;Cachaça;151;69;;;;0.0;0.0;25601193300121;https://cdn-cosmos.bluesoft.com.br/products/5601193300127;2014-04-24T11:07:34.000-03:00;2026-07-25T01:51:15.000-03:00;ncm:22082000
5601193300189;BAGACEIRA VELHA NETO COSTA;;22082000;Aguardentes de vinho ou de bagaço de uvas;;;;;;;;;0.0;0.0;;;2014-04-24T11:07:34.000-03:00;2026-07-25T01:51:15.000-03:00;ncm:22082000
5601292175183;VINHO PORTO MESSIAS 10ANOS C/LT;;22059000;Outros;;;Vinhos;74;65;;;;0.0;0.0;5601292172182|15601292175180;https://cdn-cosmos.bluesoft.com.br/products/5601292175183;2014-04-24T11:07:34.000-03:00;2026-07-25T01:54:07.000-03:00;ncm:22059000
5601332000109;VINHO PORT ADRIANO R PINTO TAWNY;;22059000;Outros;;;;;;;;;0.0;0.0;;http://thumbs.buscape.com.br/vinho/jockey-club-reserva-tawny-burmester-porto_300x300-PU46e58_1.jpg;2014-04-24T11:07:34.000-03:00;2026-07-25T01:54:19.000-03:00;ncm:22059000
5601332006736;VINHO PORT DUAS QUINTAS DOURO TTO;;22059000;Outros;;;;;;1;1;;0.0;0.0;;;2014-04-24T11:07:34.000-03:00;2026-07-25T01:54:24.000-03:00;ncm:22059000
5601989993649;VINHO PORT ESPORAO RESERVA BRANCO;;22059000;Outros;;;;;;;;;0.0;0.0;;;2014-04-24T11:07:34.000-03:00;2026-07-25T01:56:57.000-03:00;ncm:22059000
5601989996206;ALANDRA HERDADE DO ESPORAO TINTO CASTELÃO MORETO TRINCADEIRA 2008;;22059000;Outros;;;;;;;;;0.0;0.0;;https://cdn-cosmos.bluesoft.com.br/products/alandra-375ml-herdade-do-esporao-tinto-castelao-moreto-trincadeira-2008_600x600-PU78984_1.jpg;2014-04-24T11:07:34.000-03:00;2026-07-25T01:57:00.000-03:00;ncm:22059000
5602947002014;VINHO PORTUGUES PACHECA 750ML PORTO LAGRIMA;;22042910;Vinhos;;;;;;;;;0.0;0.0;;;2018-08-14T01:02:23.000-03:00;2026-07-25T01:59:11.000-03:00;ncm:22042910
5604422144202;CONHAQUE MACIEIRA ROYAL SPIRIT GARRAFA 700ML;MACIEIRA;22082000;Aguardentes de vinho ou de bagaço de uvas;;;Conhaque;149;69;;;;0.0;0.0;45604422144200;https://cdn-cosmos.bluesoft.com.br/products/5604422144202;2014-04-24T11:07:34.000-03:00;2026-07-25T07:50:32.000-03:00;ncm:22082000
5701598033016;BEAR EXTRA STRONG LAGER LATA;BEAR BEER;22030000;Cervejas de malte.;10000159;Cerveja;Cervejas Especiais;204;203;;;;0.0;0.0;15701598033013|5701598035089;https://cdn-cosmos.bluesoft.com.br/products/5701598033016;2014-04-24T11:07:34.000-03:00;2026-07-25T02:04:17.000-03:00;ncm:22030000
5701598034631;BEAR PREMIUM STRONG LAGER LATA;;22030000;Cervejas de malte.;10000159;Cerveja;;;;;;;0.0;0.0;;https://cdn-cosmos.bluesoft.com.br/products/5701598034631;2014-04-24T11:07:34.000-03:00;2026-07-25T02:04:18.000-03:00;ncm:22030000
6002269000238;VINHO TTO VAN LOVEREN RED MUSCADEL;;22051000;Em recipientes de capacidade não superior a 2 l;;;;;;;;;0.0;0.0;;;2014-04-24T11:07:34.000-03:00;2026-07-25T02:10:33.000-03:00;ncm:22051000
7401005004513;RUM ZACAPA CENTENARIO;;22084000;Rum e outras aguardentes provenientes da destilação, após fermentação, de produtos da cana-de-açúcar;;;;;;;;;0.0;0.0;;;2014-04-24T11:07:34.000-03:00;2026-07-25T02:40:15.000-03:00;ncm:22084000
7501035042070;JOSE CUERVO SILVER 750 ML;;22083090;Outros;;;;;;;;;0.0;0.0;;https://cdn-cosmos.bluesoft.com.br/products/7501035042070;2016-01-19T14:46:01.000-02:00;2026-07-25T02:55:45.000-03:00;ncm:22083090
7730429000376;VINHO URU ISLA DE LOBOS;;22082000;Aguardentes de vinho ou de bagaço de uvas;;;;;;;;;0.0;0.0;;;2014-04-24T11:07:34.000-03:00;2026-07-25T03:26:00.000-03:00;ncm:22082000
7790240041484;ESPUM ARG TRAPICHE EXTRA BRUT;;22041090;Outros;;;;;;;;;0.0;0.0;7790240141481;;2014-04-24T11:07:34.000-03:00;2026-07-25T03:29:29.000-03:00;ncm:22041090
7790290007195;VERMUTE TINTO PUNT E MES GARRAFA 750ML;FRATELLI BRANCA DESTILERIAS;22051000;Em recipientes de capacidade não superior a 2 l;;;Vinho Tinto;247;74;;;;0.0;0.0;17790290007192;https://cdn-cosmos.bluesoft.com.br/products/7790290007195;2014-04-24T11:07:34.000-03:00;2026-09-05T09:01:42.000-03:00;ncm:22051000
7790314058264;VINHO ROCAS VIEJAS TTO SUAVE;;22059000;Outros;;;;;;;;;0.0;0.0;;;2014-04-24T11:07:34.000-03:00;2026-07-25T03:30:06.000-03:00;ncm:22059000
7790497690053;ESPUM ARG LUXOS DEMI SEC;;22041090;Outros;;;;;;;;;0.0;0.0;;;2014-04-24T11:07:34.000-03:00;2026-07-25T03:30:47.000-03:00;ncm:22041090
7790607000376;VINHO ARG ALFREDO ROCA MERLOT;;22042100;Em recipientes de capacidade não superior a 2 l;;;Vinho Tinto;247;74;;;;0.0;0.0;;https://cdn-cosmos.bluesoft.com.br/products/7790607000376;2014-04-24T11:07:34.000-03:00;2026-07-25T03:31:41.000-03:00;ncm:22042100
7790975001470;TERRAZAS GRAN MALBEC T|750|WINE;;22042100;Em recipientes de capacidade não superior a 2 l;;;;;;;;;0.0;0.0;;https://cdn-cosmos.bluesoft.com.br/products/7790975001470;2014-04-24T11:07:34.000-03:00;2026-07-25T03:32:56.000-03:00;ncm:22042100
7791560040058;ESPUMANTE ARGENTINO BRANCO BRUT CUVÉE RÉSERVE MUMM CHARDONNAY PINOT NOIR MENDOZA GARRAFA 750ML;MUMM;22041090;Outros;;;Espumante e Champanhe;143;140;;;;0.0;0.0;7791560640050;https://cdn-cosmos.bluesoft.com.br/products/7791560040058;2014-04-24T11:07:34.000-03:00;2026-07-25T03:35:55.000-03:00;ncm:22041090
7791670015052;ESPUM ARG TOSO DEMI SEC;;22041090;Outros;;;;;;;;;0.0;0.0;7791670003158;;2014-04-24T11:07:34.000-03:00;2026-07-25T03:36:07.000-03:00;ncm:22041090
7791670015366;ESPUM ARG TOSO BRUT;;22041090;Outros;;;;;;;;;0.0;0.0;7791670003172;;2014-04-24T11:07:34.000-03:00;2026-07-25T03:36:07.000-03:00;ncm:22041090
7791670023088;ESPUM ARG TOSO EXTRA PINOT NOIR;;22041090;Outros;;;;;;;;;0.0;0.0;;;2014-04-24T11:07:34.000-03:00;2026-07-25T03:36:10.000-03:00;ncm:22041090
7792319675804;ESPUM ARG NORTON DEMI SEC;;22041090;Outros;;;;;;;;;0.0;0.0;;;2014-04-24T11:07:34.000-03:00;2026-07-25T03:37:42.000-03:00;ncm:22041090
7792319969149;ESPUM ARG NORTON BRUT ROSE;;22041090;Outros;;;;;;;;;0.0;0.0;;;2014-04-24T11:07:34.000-03:00;2026-07-25T03:37:45.000-03:00;ncm:22041090
7792756200324;VINHO ARG ALTAS CUMBRES MALBEC;ALTAS CUMBRES;22042100;Em recipientes de capacidade não superior a 2 l;;;;;;;;;0.0;0.0;;https://cdn-cosmos.bluesoft.com.br/products/7792756200324;2014-04-24T11:07:34.000-03:00;2026-07-25T03:38:06.000-03:00;ncm:22042100
7794450008077;VINHO ARGENTINO CHARDONNAY ALAMOS 750ML;;22042100;Em recipientes de capacidade não superior a 2 l;10000273;Vinho - Fortificado;Vinhos;74;65;;;;0.0;0.0;30707319195014;https://cdn-cosmos.bluesoft.com.br/products/7794450008077;2014-04-24T11:07:34.000-03:00;2026-09-15T11:00:26.000-03:00;ncm:22042100
7794450088383;VINHO ARG ALAMOS SAUV BLANC;;22042100;Em recipientes de capacidade não superior a 2 l;;;Vinhos;74;65;;;;0.0;0.0;37794450088384;https://cdn-cosmos.bluesoft.com.br/products/7794450088383;2014-04-24T11:07:34.000-03:00;2026-09-15T11:00:30.000-03:00;ncm:22042100
7794450088703;VINHO ARG ALAMOS SYRAH;;22042100;Em recipientes de capacidade não superior a 2 l;;;Vinhos;74;65;;;;0.0;0.0;37794450088704;https://cdn-cosmos.bluesoft.com.br/products/7794450088703;2014-04-24T11:07:34.000-03:00;2026-07-25T03:39:58.000-03:00;ncm:22042100
7794450090829;VINHO ARG ALAMOS MALBEC;;22042100;Em recipientes de capacidade não superior a 2 l;;;Vinhos;74;65;;;;0.0;0.0;;https://cdn-cosmos.bluesoft.com.br/products/7794450090829;2014-04-24T11:07:34.000-03:00;2026-07-25T03:40:04.000-03:00;ncm:22042100
7794450090850;VINHO ARGENTO MALBEC ROSE;;22059000;Outros;;;;;;;;;0.0;0.0;;;2014-04-24T11:07:34.000-03:00;2026-07-25T03:40:05.000-03:00;ncm:22059000
7794450091666;ALAMOS SELECCION BODEGAS ESMERALDA TINTO PINOT NOIR 2009;;22042100;Em recipientes de capacidade não superior a 2 l;;;Vinhos;74;65;;;;0.0;0.0;37794450091667;https://cdn-cosmos.bluesoft.com.br/products/7794450091666;2014-04-24T11:07:34.000-03:00;2026-07-25T03:40:08.000-03:00;ncm:22042100
7794450091789;VINHO LIBERTAD MALBEC;;22059000;Outros;;;;;;;;;0.0;0.0;;;2014-04-24T11:07:34.000-03:00;2026-07-25T03:40:08.000-03:00;ncm:22059000
7796626000946;ESPUM ARG TOURNEE FREIXENET;;22041090;Outros;;;;;;;;;0.0;0.0;;;2014-04-24T11:07:34.000-03:00;2026-07-25T03:41:55.000-03:00;ncm:22041090
7798051950025;VINHO ARG ALTO LAS HORMIGAS MALBEC TERROIR;;22042100;Em recipientes de capacidade não superior a 2 l;;;Vinhos;74;65;;;;0.0;0.0;;https://cdn-cosmos.bluesoft.com.br/products/7798051950025;2014-04-24T11:07:34.000-03:00;2026-07-25T03:44:10.000-03:00;ncm:22042100
7798051950032;ALTOS LAS HORMIGAS TINTO MALBEC 2012;;22042100;Em recipientes de capacidade não superior a 2 l;;;Vinhos;74;65;;;;0.0;0.0;17798051950039;https://cdn-cosmos.bluesoft.com.br/products/7798051950032;2014-04-24T11:07:34.000-03:00;2026-07-25T03:44:10.000-03:00;ncm:22042100
7798057480090;PREMIUM ALTA VISTA WINES TINTO MALBEC 2011;;22042100;Em recipientes de capacidade não superior a 2 l;;;Vinhos;74;65;;;;0.0;0.0;;https://cdn-cosmos.bluesoft.com.br/products/7798057480090;2014-04-24T11:07:34.000-03:00;2026-07-25T03:44:18.000-03:00;ncm:22042100
7798078236317;ESPUMANTE ARGENTINO BRANCO BRUT MARÍA CODORNÍU CHARDONNAY PINOT NOIR MENDOZA GARRAFA 750ML;MARÍA CODORNÍU;22041090;Outros;;;Espumante e Champanhe;143;140;;;;0.0;0.0;7798078236324;https://cdn-cosmos.bluesoft.com.br/products/7798078236317;2014-04-24T11:07:34.000-03:00;2026-07-25T03:45:15.000-03:00;ncm:22041090
7798081665401;VINHO ARG ANGARO CAB SAUVIGNON;;22042100;Em recipientes de capacidade não superior a 2 l;;;;;;;;;0.0;0.0;7798081665418;;2014-04-24T11:07:34.000-03:00;2026-07-25T03:45:34.000-03:00;ncm:22042100
7798081665449;VINHO ARG ANGARO CHARDONNAY;;22042100;Em recipientes de capacidade não superior a 2 l;;;;;;;;;0.0;0.0;7798081665456;;2014-04-24T11:07:34.000-03:00;2026-07-25T03:45:35.000-03:00;ncm:22042100
7798091110939;VINHO ARG ACHAVAL FERRER QUIMERA TINTO;;22042100;Em recipientes de capacidade não superior a 2 l;;;;;;1;1;;0.0;0.0;;;2014-04-24T11:07:34.000-03:00;2026-07-25T03:46:20.000-03:00;ncm:22042100
7798105520235;VINHO ARGENTO TTO MALBEC;;22059000;Outros;;;;;;1;1;;0.0;0.0;;;2014-04-24T11:07:34.000-03:00;2026-07-25T03:47:05.000-03:00;ncm:22059000
7798121460812;VINHO ARG AMANCAYA GRAN RES MALBEC/CAB SAUV;;22042100;Em recipientes de capacidade não superior a 2 l;;;;;;;;;0.0;0.0;;;2014-04-24T11:07:34.000-03:00;2026-07-25T03:48:19.000-03:00;ncm:22042100
7798126080015;VINHO ARG ALMA NEGRA TTO;;22042100;Em recipientes de capacidade não superior a 2 l;10000273;Vinho - Fortificado;Vinho Tinto;247;74;;;;0.0;0.0;37798126080016;https://cdn-cosmos.bluesoft.com.br/products/7798126080015;2014-04-24T11:07:34.000-03:00;2026-09-14T13:51:08.000-03:00;ncm:22042100
7798126080473;VINHO ARG ALMA NEGRA PINOT NOIR;;22042100;Em recipientes de capacidade não superior a 2 l;;;Vinhos;74;65;;;;0.0;0.0;17798126080470;https://cdn-cosmos.bluesoft.com.br/products/7798126080473;2014-04-24T11:07:34.000-03:00;2026-07-25T03:48:46.000-03:00;ncm:22042100
7802940730756;VINHO SAN SIMON RES ESP TTO;;22059000;Outros;;;;;;;;;0.0;0.0;;;2014-04-24T11:07:34.000-03:00;2026-07-25T03:53:36.000-03:00;ncm:22059000
7804300120634;CHILI CABERNET MERLOT RSE VIN ETRANGER CHILI | VH CH GATO NEGRO ROSE;GATO NEGRO;22059000;Outros;;;Vinho Rosé;246;74;;;;0.0;0.0;;https://cdn-cosmos.bluesoft.com.br/products/7804300120634;2014-04-24T11:07:34.000-03:00;2026-07-25T03:54:09.000-03:00;ncm:22059000
7804310544420;VINHO CARTA VIEJA CARME SECO;;22059000;Outros;;;;;;;;;0.0;0.0;;;2014-04-24T11:07:34.000-03:00;2026-07-25T03:55:12.000-03:00;ncm:22059000
7804320080611;KIT VINHO CAS D DIABLO CAB/CARM +SACA ROLHA;;22042100;Em recipientes de capacidade não superior a 2 l;;;;;;;;;0.0;0.0;;;2014-04-24T11:07:34.000-03:00;2026-07-25T03:56:01.000-03:00;ncm:22042100
7804320339320;ESPUM CHIL CAS DEL DIABLO SPARKLIN;;22041090;Outros;;;;;;;;;0.0;0.0;;;2014-04-24T11:07:34.000-03:00;2026-07-25T03:56:32.000-03:00;ncm:22041090
7804320753904;VHO CONO SUR BICLETA GEWURZTRAMINER;;22051000;Em recipientes de capacidade não superior a 2 l;;;;;;;;;0.0;0.0;;;2014-04-24T11:07:34.000-03:00;2026-07-25T03:57:04.000-03:00;ncm:22051000
7804340500038;ESPUM CHIL TARAPACA BRUT;;22041090;Outros;;;;;;;;;0.0;0.0;;;2014-04-24T11:07:34.000-03:00;2026-07-25T03:57:58.000-03:00;ncm:22041090
7804350701586;VINHO ESPUMANTE SANTA CAROLINA DEMI SEC;;22043000;Outros mostos de uvas;;;Espumante e Champanhe;143;140;;;;0.0;0.0;27804350701580;https://cdn-cosmos.bluesoft.com.br/products/7804350701586;2014-04-24T11:07:34.000-03:00;2026-07-25T03:58:58.000-03:00;ncm:22043000
7804426000247;VINHO LOS TILOS 750ML CABER SAUVIGNON;;22042910;Vinhos;;;Vinhos;74;65;;;;0.0;0.0;;;2017-10-13T07:56:45.000-03:00;2026-07-25T04:00:22.000-03:00;ncm:22042910
7809503500535;VINHO TTO VINAS DEL MAR CARMENERE;;22042910;Vinhos;;;;;;;;;0.0;0.0;;;2014-04-24T11:07:34.000-03:00;2026-07-25T04:05:33.000-03:00;ncm:22042910
7809585500454;VINHO CH SAN ELIAS BLANC SAU;;22082000;Aguardentes de vinho ou de bagaço de uvas;;;;;;;;;0.0;0.0;;;2014-04-24T11:07:34.000-03:00;2026-07-25T04:06:52.000-03:00;ncm:22082000
7809591500271;VINHO LA PLAYA SAUVIGNON BLANC;;22059000;Outros;;;;;;;;;0.0;0.0;;;2014-04-24T11:07:34.000-03:00;2026-07-25T04:06:56.000-03:00;ncm:22059000
7809591501087;VINHO LA PLAYA CABER SAUV ROSE;;22059000;Outros;;;;;;;;;0.0;0.0;;;2014-04-24T11:07:34.000-03:00;2026-07-25T04:06:57.000-03:00;ncm:22059000
7891050003072;WHISKY BALLANTINES FINEST 1L C/CARTEIRA;;22083020;Em embalagens de capacidade inferior ou igual a 2 l;;;;;;;;;0.0;0.0;;;2014-04-24T11:07:34.000-03:00;2026-07-26T19:39:37.000-03:00;ncm:22083020
7891083061131;CHAMP CHANDON BRUT RESERVE 6X;;22043000;Outros mostos de uvas;;;;;;;;;0.0;0.0;;;2015-09-17T07:49:37.000-03:00;2026-07-26T19:59:33.000-03:00;ncm:22043000
7891083611411;ESPUMANTE BRASILEIRO BRANCO BRUT RESERVE CHANDON SERRA GAÚCHA GARRAFA 187ML;CHANDON;22041010;Tipo champanha (champagne);;;Espumante e Champanhe;143;140;;;;0.0;0.0;7891083241410;https://cdn-cosmos.bluesoft.com.br/products/7891083611411;2014-04-24T11:07:34.000-03:00;2026-09-14T09:00:28.000-03:00;ncm:22041010
7891083611435;ESPUMANTE BRASILEIRO BRANCO DEMI-SEC RICHE CHANDON PINOT NOIR RIESLING ITÁLICO CHARDONNAY SERRA GAÚCHA GARRAFA 187ML;CHANDON;22041010;Tipo champanha (champagne);;;Espumante e Champanhe;143;140;;;;0.0;0.0;7891083241434;https://cdn-cosmos.bluesoft.com.br/products/7891083611435;2014-04-24T11:07:34.000-03:00;2026-09-15T08:19:51.000-03:00;ncm:22041010
7891083611442;ESPUMANTE BRASILEIRO ROSÉ BRUT CHANDON SERRA GAÚCHA GARRAFA 187ML;CHANDON;22041010;Tipo champanha (champagne);;;Espumante e Champanhe;143;140;;;;0.0;0.0;;https://cdn-cosmos.bluesoft.com.br/products/7891083611442;2014-04-24T11:07:34.000-03:00;2026-08-18T09:01:39.000-03:00;ncm:22041010
7891125160105;MARTINI ROSSO|900|VERMOUTH | MARTINI ROSSO;BACARDI;22051000;Em recipientes de capacidade não superior a 2 l;50000000;Alimentos / Bebidas / Tabaco;;;;;;;0.0;0.0;;https://cdn-cosmos.bluesoft.com.br/products/7891125160105;2014-04-24T11:07:34.000-03:00;2026-07-26T21:09:16.000-03:00;ncm:22051000
7891125160303;VERMELHO MARTINI BIANCO | VERMELHOOUTH MARTINI BIANCO;BACARDI;22051000;Em recipientes de capacidade não superior a 2 l;50000000;Alimentos / Bebidas / Tabaco;;;;;;;0.0;0.0;;https://cdn-cosmos.bluesoft.com.br/products/7891125160303;2014-04-24T11:07:34.000-03:00;2026-07-26T21:09:17.000-03:00;ncm:22051000
7891125160440;MARTINI ROS‚|900|VERMOUTH | MARTINI ROSE;BACARDI;22051000;Em recipientes de capacidade não superior a 2 l;50000000;Alimentos / Bebidas / Tabaco;;;;;;;0.0;0.0;57891125160445;https://cdn-cosmos.bluesoft.com.br/products/7891125160440;2014-04-24T11:07:34.000-03:00;2026-09-14T10:00:28.000-03:00;ncm:22051000
7891125163304;WHISKY TILLERS 1L;;22083020;Em embalagens de capacidade inferior ou igual a 2 l;;;Whisky;147;69;;;;0.0;0.0;;https://cdn-cosmos.bluesoft.com.br/products/7891125163304;2014-04-24T11:07:34.000-03:00;2026-09-13T14:06:33.000-03:00;ncm:22083020
7891125169276;ST RAPHAEL ROUGE|750|VERMOUTH;BACARDI;22051000;Em recipientes de capacidade não superior a 2 l;50000000;Alimentos / Bebidas / Tabaco;;;;;;;0.0;0.0;;;2014-04-24T11:07:34.000-03:00;2026-07-26T21:09:23.000-03:00;ncm:22051000
7891125181261;WHISKY GLENFIDDICH 1L C/2+BRINDES;;22083020;Em embalagens de capacidade inferior ou igual a 2 l;;;;;;;;;0.0;0.0;;;2014-04-24T11:07:34.000-03:00;2026-07-26T21:09:25.000-03:00;ncm:22083020
7891125181513;WHISKY GRANT'S 1L C/2 + GARRAFA ACO;;22083020;Em embalagens de capacidade inferior ou igual a 2 l;;;;;;;;;0.0;0.0;;;2014-04-24T11:07:34.000-03:00;2026-07-26T21:09:25.000-03:00;ncm:22083020
7891136058002;CINZANO ROSSO|900|VERMOUTH | CINZANO ROSSO;;22051000;Em recipientes de capacidade não superior a 2 l;;;;;;;;;0.0;0.0;17891136058009;https://cdn-cosmos.bluesoft.com.br/products/7891136058002;2014-04-24T11:07:34.000-03:00;2026-07-26T21:17:43.000-03:00;ncm:22051000
7891136058019;VERMUTE ROSSO CINZANO GARRAFA 950ML;CINZANO;22051000;Em recipientes de capacidade não superior a 2 l;;;Aperitivos;269;140;;;;0.0;0.0;17791200200559;https://cdn-cosmos.bluesoft.com.br/products/7891136058019;2014-04-24T11:07:34.000-03:00;2026-07-26T21:17:43.000-03:00;ncm:22051000
7891136060005;CINZANO BIANCO|900|LIQUEURS;MAYORAL;22051000;Em recipientes de capacidade não superior a 2 l;;;Vinhos;74;65;;;;0.0;0.0;17891136060002;https://cdn-cosmos.bluesoft.com.br/products/7891136060005;2014-04-24T11:07:34.000-03:00;2026-07-26T21:17:43.000-03:00;ncm:22051000
7891141015243;BUENO CUVÉE PRESTIGE MIOLO ESPUMANTE CHARDONNAY PINOT NOIR;;22043000;Outros mostos de uvas;;;Espumante e Champanhe;143;140;;;;0.0;0.0;17891141015240;https://cdn-cosmos.bluesoft.com.br/products/7891141015243;2014-04-24T11:07:34.000-03:00;2026-07-31T21:11:19.000-03:00;ncm:22043000
7891141021091;VINHO SANGUE BOI TIN/SUAVE 3L;;22042211;Em recipientes de capacidade não superior a 5 l;;;;;;;;;0.0;0.0;;;2014-04-24T11:07:34.000-03:00;2026-07-26T21:20:15.000-03:00;ncm:22042211
7891141021640;VINHO BRASILEIRO BRANCO MEIO SECO MOSTEIRO SERRA GAÚCHA GARRAFÃO 4L;MOSTEIRO;22042211;Em recipientes de capacidade não superior a 5 l;;;Vinho Branco;245;74;;;;0.0;0.0;17891141021647;https://cdn-cosmos.bluesoft.com.br/products/7891141021640;2015-01-14T22:00:00.000-02:00;2026-09-15T09:32:37.000-03:00;ncm:22042211
7891141024313;VINHO BRASILEIRO BRANCO MEIO SECO MARCUS JAMES CHARDONNAY SERRA GAÚCHA BAG IN BOX 3L;MARCUS JAMES;22042211;Em recipientes de capacidade não superior a 5 l;;;Vinho Branco;245;74;;;;0.0;0.0;;https://cdn-cosmos.bluesoft.com.br/products/7891141024313;2014-04-24T11:07:34.000-03:00;2026-07-26T21:20:35.000-03:00;ncm:22042211
7891700206983;SUCO ADES FRAPE DE COCO;ADES;22042910;Vinhos;;;;;;;;;0.0;0.0;;https://cdn-cosmos.bluesoft.com.br/products/7891700206983;2014-04-24T11:07:34.000-03:00;2026-07-27T01:52:45.000-03:00;ncm:22042910
7893218002422;SAQUÊ SECO JUN DAITI GARRAFA 670ML;JUN DAITI;22060090;Outras;;;Saquê e Bebidas a Base de Arroz;152;140;;;;0.0;0.0;;https://cdn-cosmos.bluesoft.com.br/products/7893218002422;2014-04-24T11:07:34.000-03:00;2026-07-27T03:15:14.000-03:00;ncm:22060090
7893218002637;WHISKY JOHNNIE WALKER 1L RED LABEL C/COPO;;22083020;Em embalagens de capacidade inferior ou igual a 2 l;;;;;;;;;0.0;0.0;;https://cdn-cosmos.bluesoft.com.br/products/7893218002637;2014-04-24T11:07:34.000-03:00;2026-07-27T03:15:16.000-03:00;ncm:22083020
7893218002644;WHISKY JOHNNIE WALKER 1L BLACK LABEL C/BALDE;;22083020;Em embalagens de capacidade inferior ou igual a 2 l;;;;;;;;;0.0;0.0;;;2014-04-24T11:07:34.000-03:00;2026-07-27T03:15:16.000-03:00;ncm:22083020
7893218002651;WHISKY BUCHANAN'S 1L 12 ANOS C/BALDE;;22083020;Em embalagens de capacidade inferior ou igual a 2 l;;;;;;;;;0.0;0.0;;;2014-04-24T11:07:34.000-03:00;2026-07-27T03:15:16.000-03:00;ncm:22083020
7893218002873;WHISKY JOHNNIE WALKER 1L BLACK LABEL EDIC ESPECIAL;;22083020;Em embalagens de capacidade inferior ou igual a 2 l;;;;;;;;;0.0;0.0;;;2014-04-24T11:07:34.000-03:00;2026-07-27T03:15:21.000-03:00;ncm:22083020
7896002110679;CACHAÇA ENVELHECIDA TERRA BRAZILIS GARRAFA 1L;TERRA BRAZILIS;22084000;Rum e outras aguardentes provenientes da destilação, após fermentação, de produtos da cana-de-açúcar;;;Cachaça;151;69;;;;0.0;0.0;;https://cdn-cosmos.bluesoft.com.br/products/7896002110679;2014-04-24T11:07:34.000-03:00;2026-07-30T01:33:52.000-03:00;ncm:22084000
7896007831357;SAQUÊ LICOROSO MIRIN KENKO GARRAFA 500ML;KENKO;22060090;Outras;;;;;;;;;0.0;0.0;17896007831354;https://cdn-cosmos.bluesoft.com.br/products/7896007831357;2014-04-24T11:07:34.000-03:00;2026-07-30T02:09:02.000-03:00;ncm:22060090
7896007860500;SAQUE DAITI PRATA SECO;DAITI;22060090;Outras;;;;;;;;;0.0;0.0;17896007860507;;2014-04-24T11:07:34.000-03:00;2026-07-30T02:09:20.000-03:00;ncm:22060090
7896008100063;VERMOUTH CALDEZANO BRANCO;;22051000;Em recipientes de capacidade não superior a 2 l;;;;;;;;;0.0;0.0;;;2014-04-24T11:07:34.000-03:00;2026-07-30T02:10:29.000-03:00;ncm:22051000
7896008100117;CONTINE;;22051000;Em recipientes de capacidade não superior a 2 l;;;;;;;;;0.0;0.0;;https://cdn-cosmos.bluesoft.com.br/products/7896008100117;2014-04-24T11:07:34.000-03:00;2026-07-30T02:10:30.000-03:00;ncm:22051000
7896008100223;VERMOUTH RIVARI BITTER;;22051000;Em recipientes de capacidade não superior a 2 l;;;;;;;;;0.0;0.0;;;2014-04-24T11:07:34.000-03:00;2026-07-30T02:10:32.000-03:00;ncm:22051000
7896008100292;CONHAQUE DIMEL;;22082000;Aguardentes de vinho ou de bagaço de uvas;;;;;;;;;0.0;0.0;;;2014-04-24T11:07:34.000-03:00;2026-07-30T02:10:32.000-03:00;ncm:22082000
7896008100315;CONT VERMELHO GOLD SC;;22051000;Em recipientes de capacidade não superior a 2 l;;;;;;900;945;;0.0;0.0;;;2014-04-24T11:07:34.000-03:00;2026-07-30T02:10:33.000-03:00;ncm:22051000
7896008104719;CONTINI ROSE;;22059000;Outros;;;;;;;;;0.0;0.0;;;2014-04-24T11:07:34.000-03:00;2026-07-30T02:10:46.000-03:00;ncm:22059000
7896008104917;VERMUTE ROSSO CONTINI GARRAFA 900ML;CONTINI;22051000;Em recipientes de capacidade não superior a 2 l;;;Licor;240;140;;;;0.0;0.0;;https://cdn-cosmos.bluesoft.com.br/products/7896008104917;2014-04-24T11:07:34.000-03:00;2026-09-06T07:40:18.000-03:00;ncm:22051000
7896020200017;CONHAQUE BRANDY DOMECQ 1 LITRO;BARUEL;22082000;Aguardentes de vinho ou de bagaço de uvas;53000000;Higiene / Cuidados Pessoais / Beleza;;;;;;;0.0;0.0;;https://cdn-cosmos.bluesoft.com.br/products/7896020200017;2014-04-24T11:07:34.000-03:00;2026-07-30T03:05:50.000-03:00;ncm:22082000
7896022610005;CONHAQUE DE ALCATRÃO SÃO JOÃO DA BARRA GARRAFA 900ML;SELMI;22082000;Aguardentes de vinho ou de bagaço de uvas;50000000;Alimentos / Bebidas / Tabaco;Conhaque;149;69;;;;0.0;0.0;27896022610009;https://cdn-cosmos.bluesoft.com.br/products/7896022610005;2014-04-24T11:07:34.000-03:00;2026-09-10T14:16:12.000-03:00;ncm:22082000
7896023071119;CAIXA DECOR.SALTON CHALISE + 2 ESPUMANT.;;22043000;Outros mostos de uvas;;;;;;;;;0.0;0.0;;;2016-04-05T21:38:51.000-03:00;2026-07-30T03:19:02.000-03:00;ncm:22043000
7896023083020;FILTRADO DOCE BRASILEIRO ROSÉ PERLAGE SERRA GAÚCHA GARRAFA 660ML;PERLAGE;22043000;Outros mostos de uvas;;;;;;;;;0.0;0.0;7896023083563;https://cdn-cosmos.bluesoft.com.br/products/7896023083020;2014-04-24T11:07:34.000-03:00;2026-07-30T10:26:18.000-03:00;ncm:22043000
7896023083495;FILTRADO DOCE BRASILEIRO BRANCO PERLAGE GARRAFA 660ML;PERLAGE;22043000;Outros mostos de uvas;;;Espumante e Champanhe;143;140;;;;0.0;0.0;;https://cdn-cosmos.bluesoft.com.br/products/7896023083495;2014-04-24T11:07:34.000-03:00;2026-07-30T03:19:26.000-03:00;ncm:22043000
7896028200217;FILTRADO PIGENTINI SURP BRANCO;;22041010;Tipo champanha (champagne);;;;;;;;;0.0;0.0;;;2014-04-24T11:07:34.000-03:00;2026-07-30T03:41:25.000-03:00;ncm:22041010
7896028200309;CHAMPAGNE BRINDESPUMA BRANCO;;22043000;Outros mostos de uvas;;;;;;;;;0.0;0.0;7896028251158;;2014-04-24T11:07:34.000-03:00;2026-07-30T03:41:26.000-03:00;ncm:22043000
7896028200316;SIDRA VALENCIANA 2LT;;22060010;Sidra;;;;;;;;;0.0;0.0;;;2014-04-24T11:07:34.000-03:00;2026-07-30T03:41:26.000-03:00;ncm:22060010
7896028200354;FILTRADO BRINDESPUMA BCO. 2LT;;22043000;Outros mostos de uvas;;;;;;;;;0.0;0.0;;;2016-04-06T02:40:27.000-03:00;2026-07-30T03:41:27.000-03:00;ncm:22043000
7896028250311;CHAMPAGNE BRINDESPUMA 2 LTRS ROSE;;22060010;Sidra;;;;;;;;;0.0;0.0;;;2014-04-24T11:07:34.000-03:00;2026-07-30T03:42:05.000-03:00;ncm:22060010
7896028251226;SIDRA VALENCIANA 12/;;22060010;Sidra;;;;;;;;;0.0;0.0;;;2014-04-24T11:07:34.000-03:00;2026-07-30T03:42:08.000-03:00;ncm:22060010
7896028251486;SIDRA VALENCIANA;;22060010;Sidra;;;;;;;;;0.0;0.0;;;2014-04-24T11:07:34.000-03:00;2026-07-30T03:42:14.000-03:00;ncm:22060010
7896028251509;SIDRA VALENCIANA;;22060010;Sidra;;;;;;;;;0.0;0.0;;;2014-04-24T11:07:34.000-03:00;2026-07-30T03:42:14.000-03:00;ncm:22060010
7896028251936;VINHO PIAGENTINI TINTO PESSEGO;;22059000;Outros;;;;;;;;;0.0;0.0;;;2014-04-24T11:07:34.000-03:00;2026-07-30T03:42:20.000-03:00;ncm:22059000
7896028637426;AGUARD LEAO OURO;;22084000;Rum e outras aguardentes provenientes da destilação, após fermentação, de produtos da cana-de-açúcar;;;;;;;;;0.0;0.0;78960284865119;https://cdn-cosmos.bluesoft.com.br/products/7896028637426;2014-04-24T11:07:34.000-03:00;2026-07-30T03:42:35.000-03:00;ncm:22084000
7896028866123;ESPUMANTE SIDRA VALENCIANA MACA S/ALCOOL;;22060010;Sidra;;;;;;;;;0.0;0.0;;;2014-04-24T11:07:34.000-03:00;2026-07-30T03:43:04.000-03:00;ncm:22060010
7896029250143;MISTELA SINUELO;;22042100;Em recipientes de capacidade não superior a 2 l;;;;;;;;;0.0;0.0;;;2014-04-24T11:07:34.000-03:00;2026-07-30T03:47:08.000-03:00;ncm:22042100
7896031000507;SIDRA PULLMAN S/ALCOOL;;22060010;Sidra;;;;;;1;1;;0.0;0.0;;;2014-04-24T11:07:34.000-03:00;2026-07-30T03:50:19.000-03:00;ncm:22060010
7896031000521;BEBIDA SIDRA PULLMAN PESSEGO;;22060090;Outras;;;;;;;;;0.0;0.0;17896031000528;;2014-04-24T11:07:34.000-03:00;2026-07-30T03:50:20.000-03:00;ncm:22060090
7896031000552;CHAMP SIDRA PULLMAN;SIDRA PULLMAN;22060010;Sidra;;;;;;;;;0.0;0.0;17896031000559;https://cdn-cosmos.bluesoft.com.br/products/7896031000552;2014-04-24T11:07:34.000-03:00;2026-07-30T03:50:20.000-03:00;ncm:22060010
7896031000613;FESTA DE PRATA BRANCO;;22060010;Sidra;;;;;;;;;0.0;0.0;17896031000610;;2014-04-24T11:07:34.000-03:00;2026-07-30T03:50:22.000-03:00;ncm:22060010
7896031000880;VINHO TTO SUAVE CAVES S ROQUE GF 4,6 LT;;22042211;Em recipientes de capacidade não superior a 5 l;;;;;;1000;1050;;0.0;0.0;;;2015-05-08T18:34:08.000-03:00;2026-07-30T03:50:24.000-03:00;ncm:22042211
7896034300208;FILTRADO GOTAS CRISTAL BRANCO;;22041010;Tipo champanha (champagne);;;;;;;;;0.0;0.0;;;2014-04-24T11:07:34.000-03:00;2026-07-30T04:05:14.000-03:00;ncm:22041010
7896034300222;FILTRADO DOCE BRASILEIRO BRANCO GARIBALDI GOTAS GARRAFA 660ML;GARIBALDI;22043000;Outros mostos de uvas;;;Espumante e Champanhe;143;140;;;;0.0;0.0;27896034300226;https://cdn-cosmos.bluesoft.com.br/products/7896034300222;2014-04-24T11:07:34.000-03:00;2026-08-30T10:23:06.000-03:00;ncm:22043000
7896034300239;FILTRADO DOCE BRASILEIRO ROSÉ GARIBALDI GOTAS GARRAFA 660ML;GARIBALDI;22043000;Outros mostos de uvas;;;Espumante e Champanhe;143;140;;;;0.0;0.0;27896034300233;https://cdn-cosmos.bluesoft.com.br/products/7896034300239;2014-04-24T11:07:34.000-03:00;2026-07-30T04:05:15.000-03:00;ncm:22043000
7896034300253;ESPUMANTE BRASILEIRO BRANCO DEMI-SEC PRIMÍCIAS SERRA GAÚCHA GARRAFA 660ML;GARIBALDI;22041010;Tipo champanha (champagne);;;Espumante e Champanhe;143;140;;;;0.0;0.0;17896034300250;https://cdn-cosmos.bluesoft.com.br/products/7896034300253;2014-04-24T11:07:34.000-03:00;2026-08-30T10:23:05.000-03:00;ncm:22041010
7896034301267;FILTRADO GOTAS CRISTAL ROSE;;22041010;Tipo champanha (champagne);;;;;;;;;0.0;0.0;;;2014-04-24T11:07:34.000-03:00;2026-07-30T04:05:27.000-03:00;ncm:22041010
7896050200087;AG 3 FAZENDAS 12X;;22084000;Rum e outras aguardentes provenientes da destilação, após fermentação, de produtos da cana-de-açúcar;;;;;;;;;0.0;0.0;17896050200084;;2014-04-24T11:07:34.000-03:00;2026-08-15T17:33:08.000-03:00;ncm:22084000
7896050200575;AGUARDENTE VELHO BARREIRO OURO;;22084000;Rum e outras aguardentes provenientes da destilação, após fermentação, de produtos da cana-de-açúcar;;;;;;;;;0.0;0.0;;;2014-04-24T11:07:34.000-03:00;2026-07-30T05:01:01.000-03:00;ncm:22084000
7896051215028;VERMOUTH PAIZANO TINTO;;22051000;Em recipientes de capacidade não superior a 2 l;;;;;;;;;0.0;0.0;;;2014-04-24T11:07:34.000-03:00;2026-07-30T05:06:17.000-03:00;ncm:22051000
7896051229100;CATUABA PODEROSO;;22051000;Em recipientes de capacidade não superior a 2 l;;;;;;;;;0.0;0.0;;;2014-04-24T11:07:34.000-03:00;2026-07-30T05:06:27.000-03:00;ncm:22051000
7896072901375;RUN CAPITAN CORTEZ CARTA CRYSTAL;;22060010;Sidra;;;;;;;;;0.0;0.0;;;2014-04-24T11:07:34.000-03:00;2026-07-30T05:54:07.000-03:00;ncm:22060010
7896072902228;SIDRA PALMEIRAS CERESER GARRAFA 660ML;CERESER;22060010;Sidra;;;Espumante e Champanhe;143;140;;;;0.0;0.0;17896072988137;https://cdn-cosmos.bluesoft.com.br/products/7896072902228;2014-04-24T11:07:34.000-03:00;2026-07-30T05:54:10.000-03:00;ncm:22060010
7896072902600;SIDRA CORINTHIANS CERESER TIMES GARRAFA 660ML;CERESER;22060010;Sidra;;;Espumante e Champanhe;143;140;;;;0.0;0.0;17896072902607|17896072987512;https://cdn-cosmos.bluesoft.com.br/products/7896072902600;2014-04-24T11:07:34.000-03:00;2026-07-30T05:54:12.000-03:00;ncm:22060010
7896072902822;SIDRA SÃO PAULO CERESER TIMES GARRAFA 660ML;CERESER;22060010;Sidra;;;Espumante e Champanhe;143;140;;;;0.0;0.0;17896072902829|17896072988199;https://cdn-cosmos.bluesoft.com.br/products/7896072902822;2014-04-24T11:07:34.000-03:00;2026-07-30T05:54:14.000-03:00;ncm:22060010
7896072902877;SIDRA SANTOS CERESER TIMES GARRAFA 660ML;CERESER;22060010;Sidra;;;Espumante e Champanhe;143;140;;;;0.0;0.0;17896072902874|17896072906872;https://cdn-cosmos.bluesoft.com.br/products/7896072902877;2014-04-24T11:07:34.000-03:00;2026-07-30T05:54:15.000-03:00;ncm:22060010
7896072911121;VERMUTE ROSSO CORTEZANO GARRAFA 900ML;BRETZKE;22051000;Em recipientes de capacidade não superior a 2 l;50000000;Alimentos / Bebidas / Tabaco;;;;;;;0.0;0.0;17896072910015|17896072911128;https://cdn-cosmos.bluesoft.com.br/products/7896072911121;2014-04-24T11:07:34.000-03:00;2026-08-26T15:41:12.000-03:00;ncm:22051000
7896072911138;VERMUTE BIANCO CORTEZANO GARRAFA 900ML;CORTEZANO;22051000;Em recipientes de capacidade não superior a 2 l;;;Destilados;69;140;;;;0.0;0.0;17896072910022|17896072911135;https://cdn-cosmos.bluesoft.com.br/products/7896072911138;2014-04-24T11:07:34.000-03:00;2026-09-10T11:26:41.000-03:00;ncm:22051000
7896072911145;SIDRA BRASILEIRA CERESER GARRAFA 660ML;BRETZKE;22060010;Sidra;50000000;Alimentos / Bebidas / Tabaco;Espumante e Champanhe;143;140;;;;0.0;0.0;7896072913330|17896072911142;https://cdn-cosmos.bluesoft.com.br/products/7896072911145;2014-04-24T11:07:34.000-03:00;2026-09-03T19:31:25.000-03:00;ncm:22060010
7896072911176;CONHAQUE DOM BOSCO;;22082000;Aguardentes de vinho ou de bagaço de uvas;;;;;;;;;0.0;0.0;;;2014-04-24T11:07:34.000-03:00;2026-07-30T05:54:36.000-03:00;ncm:22082000
7896080001401;COQUETEL ALCOÓLICO COMPOSTO DOMECQ GARRAFA 1L;DOMECQ;22082000;Aguardentes de vinho ou de bagaço de uvas;;;Conhaque;149;69;;;;0.0;0.0;;https://cdn-cosmos.bluesoft.com.br/products/7896080001401;2014-04-24T11:07:34.000-03:00;2026-09-10T18:02:08.000-03:00;ncm:22082000
7896086800046;VINHO CHATEAU SAUVIGNON 6/750;;22059000;Outros;;;;;;;;;0.0;0.0;;;2014-04-24T11:07:34.000-03:00;2026-07-30T06:22:44.000-03:00;ncm:22059000
7896087200036;CACHACA CARANGUEJO;;22084000;Rum e outras aguardentes provenientes da destilação, após fermentação, de produtos da cana-de-açúcar;;;Cachaça;151;69;;;;0.0;0.0;17896087200033;https://cdn-cosmos.bluesoft.com.br/products/7896087200036;2014-04-24T11:07:34.000-03:00;2026-08-18T21:58:55.000-03:00;ncm:22084000
7896092500169;VERMOUTH FIORINI TINTO;FIORINI;22051000;Em recipientes de capacidade não superior a 2 l;;;Licor;240;140;;;;0.0;0.0;17896092500166;https://cdn-cosmos.bluesoft.com.br/products/7896092500169;2014-04-24T11:07:34.000-03:00;2026-07-30T06:31:40.000-03:00;ncm:22051000
7896092500596;JURUBEBA CHAPEU DE COURO;;22060090;Outras;;;Aperitivos;269;140;;;;0.0;0.0;27896092500590;https://cdn-cosmos.bluesoft.com.br/products/7896092500596;2014-04-24T11:07:34.000-03:00;2026-07-30T06:31:43.000-03:00;ncm:22060090
7896092501111;CATUABA VIRTUDE;;22082000;Aguardentes de vinho ou de bagaço de uvas;;;;;;;;;0.0;0.0;;;2014-04-24T11:07:34.000-03:00;2026-07-30T06:31:48.000-03:00;ncm:22082000
7896097701110;CHAMPAG PETERLONGO FINO B ROSE;;22043000;Outros mostos de uvas;;;;;;;;;0.0;0.0;17896097701117;https://cdn-cosmos.bluesoft.com.br/products/7896097701110;2014-04-24T11:07:34.000-03:00;2026-07-30T06:44:35.000-03:00;ncm:22043000
7896097720104;BEBIDA PETER ESP PTA MOSCATEL ROSE;PRODUTOS BUFALO;22082000;Aguardentes de vinho ou de bagaço de uvas;47000000;Produtos de Higiene / Limpeza;Espumante e Champanhe;143;140;;;;0.0;0.0;27896097720108;;2014-04-24T11:07:34.000-03:00;2026-07-30T06:44:46.000-03:00;ncm:22082000
7896097722016;FILTRADO DOCE BRANCO ESPUMA DE PRATA GARRAFA 660ML;ESPUMA DE PRATA;22043000;Outros mostos de uvas;47000000;Produtos de Higiene / Limpeza;Espumante e Champanhe;143;140;;;;0.0;0.0;27896097722010;https://cdn-cosmos.bluesoft.com.br/products/7896097722016;2014-04-24T11:07:34.000-03:00;2026-07-30T06:44:50.000-03:00;ncm:22043000
7896097722047;FILTRADO DOCE ROSÉ ESPUMA DE PRATA GARRAFA 660ML;PRODUTOS BUFALO;22043000;Outros mostos de uvas;47000000;Produtos de Higiene / Limpeza;Espumante e Champanhe;143;140;;;;0.0;0.0;27896097722041;https://cdn-cosmos.bluesoft.com.br/products/7896097722047;2014-04-24T11:07:34.000-03:00;2026-09-12T17:43:23.000-03:00;ncm:22043000
7896097722061;FILTRADO PETER.E.PRATA ROS.355;;22043000;Outros mostos de uvas;;;;;;;;;0.0;0.0;;;2016-04-06T02:24:14.000-03:00;2026-07-30T06:44:50.000-03:00;ncm:22043000
7896097722078;CHAMPAGNE PETERLONGO ESPUMA PRATA 2,5 BRANCA;PRODUTOS BUFALO;22043000;Outros mostos de uvas;47000000;Produtos de Higiene / Limpeza;Espumante e Champanhe;143;140;;;;0.0;0.0;47896097722076;https://cdn-cosmos.bluesoft.com.br/products/7896097722078;2014-04-24T11:07:34.000-03:00;2026-07-30T06:44:51.000-03:00;ncm:22043000
7896097722085;ESPUMA DE PRATA;PRODUTOS BUFALO;22060010;Sidra;47000000;Produtos de Higiene / Limpeza;;;;;;;0.0;0.0;47896097722083;https://cdn-cosmos.bluesoft.com.br/products/7896097722085;2014-04-24T11:07:34.000-03:00;2026-07-30T06:44:51.000-03:00;ncm:22060010
7896097727097;SIDRA PETERLONGO MACA;;22060010;Sidra;;;;;;;;;0.0;0.0;;;2014-04-24T11:07:34.000-03:00;2026-07-30T06:44:53.000-03:00;ncm:22060010
7896097727103;SIDRA PETERLONGO MACA 2;;22060010;Sidra;;;;;;;;;0.0;0.0;;;2014-04-24T11:07:34.000-03:00;2026-07-30T06:44:53.000-03:00;ncm:22060010
7896100501713;FILTRADO DOCE BRASILEIRO BRANCO DEL SOLE GARRAFA 660ML;COLLINA DEL SOLE;22043000;Outros mostos de uvas;;;Espumante e Champanhe;143;140;;;;0.0;0.0;;https://cdn-cosmos.bluesoft.com.br/products/7896100501713;2014-04-24T11:07:34.000-03:00;2026-09-10T11:54:29.000-03:00;ncm:22043000
7896100501720;FILTRADO DOCE BRASILEIRO ROSÉ DEL SOLE GARRAFA 660ML;COLLINA DEL SOLE;22043000;Outros mostos de uvas;;;Vinho Rosé;246;74;;;;0.0;0.0;;https://cdn-cosmos.bluesoft.com.br/products/7896100501720;2014-04-24T11:07:34.000-03:00;2026-09-12T08:00:03.000-03:00;ncm:22043000
7896100502185;KIT ESTILO TANNAT C/ 1TACA;;22051000;Em recipientes de capacidade não superior a 2 l;;;Vinhos Brasileiros;216;74;;;;0.0;0.0;;;2014-04-24T11:07:34.000-03:00;2026-07-30T06:49:29.000-03:00;ncm:22051000
7896106200221;FORESTIER RESERVE CHARDONNAY|750|WINE;;22043000;Outros mostos de uvas;;;;;;;;;0.0;0.0;;;2014-04-24T11:07:34.000-03:00;2026-07-30T06:59:54.000-03:00;ncm:22043000
7896106200535;VINHO FORESTIER SAUVIGNON BLANC;;22043000;Outros mostos de uvas;;;;;;;;;0.0;0.0;;;2014-04-24T11:07:34.000-03:00;2026-07-30T06:59:54.000-03:00;ncm:22043000
7896106201013;?*FORESTIER MERL NOIRT|750|WINE;;22043000;Outros mostos de uvas;;;;;;;;;0.0;0.0;;;2014-04-24T11:07:34.000-03:00;2026-07-30T06:59:55.000-03:00;ncm:22043000
7896106201129;FORESTIER CAB FRANC|750|WINE | VINHO FORESTIER CABERNET FRANC;;22043000;Outros mostos de uvas;;;;;;;;;0.0;0.0;;;2014-04-24T11:07:34.000-03:00;2026-07-30T06:59:56.000-03:00;ncm:22043000
7896106201310;FORESTIER BLANC|750|WINE;;22043000;Outros mostos de uvas;;;;;;;;;0.0;0.0;;;2014-04-24T11:07:34.000-03:00;2026-07-30T06:59:57.000-03:00;ncm:22043000
7896106201624;FORESTIER RIESLI W|750|WINE | VINHO FORESTIER RISLING BC 750;;22043000;Outros mostos de uvas;;;;;;;;;0.0;0.0;;;2014-04-24T11:07:34.000-03:00;2026-07-30T06:59:57.000-03:00;ncm:22043000
7896113900022;CACHAÇA CARVALHO NÊGA FULÔ GARRAFA 750ML;NEGA FULO;22084000;Rum e outras aguardentes provenientes da destilação, após fermentação, de produtos da cana-de-açúcar;;;Cachaça;151;69;;;;0.0;0.0;;https://cdn-cosmos.bluesoft.com.br/products/7896113900022;2014-04-24T11:07:34.000-03:00;2026-07-30T07:21:16.000-03:00;ncm:22084000
7896113900268;CACHAÇA IPÊ NÊGA FULÔ GARRAFA 750ML;NEGA FULO;22084000;Rum e outras aguardentes provenientes da destilação, após fermentação, de produtos da cana-de-açúcar;;;Cachaça;151;69;;;;0.0;0.0;;https://cdn-cosmos.bluesoft.com.br/products/7896113900268;2014-04-24T11:07:34.000-03:00;2026-07-30T07:21:17.000-03:00;ncm:22084000
7896136921011;HALBERTH GARRAFAO T|4600|WINE;;22042211;Em recipientes de capacidade não superior a 5 l;;;;;;;;;0.0;0.0;;;2015-09-17T07:53:31.000-03:00;2026-07-30T07:31:29.000-03:00;ncm:22042211
7896136921202;HALBETTH GARRAFAO W|4600|WINE;;22042211;Em recipientes de capacidade não superior a 5 l;;;;;;;;;0.0;0.0;;;2015-09-17T07:53:31.000-03:00;2026-07-30T07:31:31.000-03:00;ncm:22042211
7896189410012;WHISKY BARILETE 1L;;22083010;Com um teor alcoólico, em volume, superior a 50 % vol, em recipientes de capacidade igual ou superior a 50 l;;;;;;;;;0.0;0.0;;;2014-04-24T11:07:34.000-03:00;2026-07-30T07:57:41.000-03:00;ncm:22083010
7896189410036;WHISKY O MONGE;;22083010;Com um teor alcoólico, em volume, superior a 50 % vol, em recipientes de capacidade igual ou superior a 50 l;;;;;;;;;0.0;0.0;;;2014-04-24T11:07:34.000-03:00;2026-07-30T07:57:41.000-03:00;ncm:22083010
7896266100140;VINHO GOES 4,5L L.LICOROSO;;22042910;Vinhos;;;;;;;;;0.0;0.0;;;2016-04-05T21:24:16.000-03:00;2026-07-30T09:26:15.000-03:00;ncm:22042910
7896266100157;VINHO GOES LICOROSO ROSADO 4 5L;;22042910;Vinhos;;;;;;4500;4500;;0.0;0.0;;;2016-01-19T14:04:51.000-02:00;2026-07-30T09:26:15.000-03:00;ncm:22042910
7896266100164;VINHO GOES 4,5L BRANCO SUAVE;;22042910;Vinhos;;;;;;;;;0.0;0.0;;;2014-04-24T11:07:34.000-03:00;2026-07-30T09:26:16.000-03:00;ncm:22042910
7896266100485;COOLER GOES PESSEGO;;22060090;Outras;;;;;;;;;0.0;0.0;17896266100482|27896266101103;https://cdn-cosmos.bluesoft.com.br/products/7896266100485;2014-04-24T11:07:34.000-03:00;2026-07-30T09:26:21.000-03:00;ncm:22060090
7896266100508;COOLER GOES PINA COLADA;;22060090;Outras;;;;;;;;;0.0;0.0;;;2014-04-24T11:07:34.000-03:00;2026-07-30T09:26:22.000-03:00;ncm:22060090
7896273100027;AG CANINHA 21 6X | CANINHA 21 PIRASSUNUNGA;PIRASSUNUNGA;22084000;Rum e outras aguardentes provenientes da destilação, após fermentação, de produtos da cana-de-açúcar;;;Cachaça Premium;225;151;;;;0.0;0.0;17896273100024;https://cdn-cosmos.bluesoft.com.br/products/7896273100027;2014-04-24T11:07:34.000-03:00;2026-09-03T21:04:53.000-03:00;ncm:22084000
7896273100225;BEBIDA MISTA MARIA JOANA;;22084000;Rum e outras aguardentes provenientes da destilação, após fermentação, de produtos da cana-de-açúcar;;;;;;;;;0.0;0.0;;https://cdn-cosmos.bluesoft.com.br/products/7896273100225;2014-04-24T11:07:34.000-03:00;2026-08-19T12:01:10.000-03:00;ncm:22084000
7896291600073;VERMOUTH FRATINI BRANCO;;22051000;Em recipientes de capacidade não superior a 2 l;;;;;;;;;0.0;0.0;;;2014-04-24T11:07:34.000-03:00;2026-07-30T10:01:01.000-03:00;ncm:22051000
7896291600080;VINHO PRIMOR FRATINI TTO ERV;;22051000;Em recipientes de capacidade não superior a 2 l;;;Vinhos Brasileiros;216;74;880;924;;0.0;0.0;;;2014-04-24T11:07:34.000-03:00;2026-07-30T10:01:01.000-03:00;ncm:22051000
7896299101107;SAQUÊ LICOROSO MIRIN CULINÁRIO AZUMA GARRAFA 500ML;TOZAN;22060090;Outras;;;Licor;240;140;;;;0.0;0.0;17896299101104;https://cdn-cosmos.bluesoft.com.br/products/7896299101107;2014-04-24T11:07:34.000-03:00;2026-07-30T10:13:20.000-03:00;ncm:22060090
7896299101169;SAKE AZUMA KIRIN DOURADO;AZUMA KIRIN;22060090;Outras;;;;;;375;450;;0.0;0.0;;;2014-04-24T11:07:34.000-03:00;2026-07-30T10:13:21.000-03:00;ncm:22060090
7896321800688;VINHO SAO ROQUE TINTO SUAVE 4 6LT;;22042211;Em recipientes de capacidade não superior a 5 l;;;;;;1000;1050;;0.0;0.0;;;2014-04-24T11:07:34.000-03:00;2026-07-30T10:37:09.000-03:00;ncm:22042211
7896336800734;SIDRA GASEIF CHAMPS CLASSIQUE;;22060010;Sidra;;;;;;;;;0.0;0.0;27896336800165;;2014-04-24T11:07:34.000-03:00;2026-07-30T10:50:20.000-03:00;ncm:22060010
7896336801052;SIDRA GASEIF CHAMPS ROSE;;22060010;Sidra;;;;;;;;;0.0;0.0;27896336801056;;2014-04-24T11:07:34.000-03:00;2026-07-30T10:50:26.000-03:00;ncm:22060010
7896388000021;CERVEJA CERPA GOLD NATAL LT;;22030000;Cervejas de malte.;10000159;Cerveja;;;;;;;0.0;0.0;;;2014-04-24T11:07:34.000-03:00;2026-07-30T11:25:41.000-03:00;ncm:22030000
7896403900176;VERMOUTH BARZINI BRANCO DOCE;;22051000;Em recipientes de capacidade não superior a 2 l;;;;;;;;;0.0;0.0;;;2014-04-24T11:07:34.000-03:00;2026-07-30T11:35:35.000-03:00;ncm:22051000
7896403901838;SIDRA NATAL GASEIFICADA DOCE;;22060010;Sidra;;;;;;;;;0.0;0.0;7896403991839;;2014-04-24T11:07:34.000-03:00;2026-08-02T19:00:36.000-03:00;ncm:22060010
7896403971305;KIT ESPUM SIDRA NATAL C/2 TACAS;;22060010;Sidra;;;;;;;;;0.0;0.0;7896403981304;;2014-04-24T11:07:34.000-03:00;2026-07-30T11:35:58.000-03:00;ncm:22060010
7896452100190;KIT VARIETAL JOTA PE CAB SAUVIGNON;;22051000;Em recipientes de capacidade não superior a 2 l;;;;;;;;;0.0;0.0;;;2014-04-24T11:07:34.000-03:00;2026-07-31T14:39:59.000-03:00;ncm:22051000
7896452100237;KIT VARIETAL JOTA PE MERLOT;;22051000;Em recipientes de capacidade não superior a 2 l;;;;;;;;;0.0;0.0;;;2014-04-24T11:07:34.000-03:00;2026-07-31T14:39:59.000-03:00;ncm:22051000
7896514700153;COQUETEL VINHO TINTO 7COLINAS 4LT;;22042211;Em recipientes de capacidade não superior a 5 l;;;;;;;;;0.0;0.0;;;2014-04-24T11:07:34.000-03:00;2026-07-31T15:32:01.000-03:00;ncm:22042211
7896514700641;COQUETEL VINHO DRESDEN;;22060090;Outras;;;;;;;;;0.0;0.0;;;2014-04-24T11:07:34.000-03:00;2026-07-31T15:32:03.000-03:00;ncm:22060090
7896514701365;VINHO 7 COLINAS 4L TINTO SUAVE;;22042910;Vinhos;;;;;;;;;0.0;0.0;;;2017-07-28T09:29:58.000-03:00;2024-06-13T15:37:10.000-03:00;ncm:22042910
7896589105020;MIORANZA |4600|WINE;;22042211;Em recipientes de capacidade não superior a 5 l;;;;;;;;;0.0;0.0;;;2015-09-17T06:42:58.000-03:00;2026-07-31T16:26:14.000-03:00;ncm:22042211
7896589105068;VINHO MIORANZA 4,6LT BRANCO SUAVE;;22042910;Vinhos;;;;;;;;;0.0;0.0;;;2018-08-03T18:36:57.000-03:00;2026-07-31T16:26:14.000-03:00;ncm:22042910
7896607100266;AGUARDENTE PITU GOLD LT;PITÚ;22084000;Rum e outras aguardentes provenientes da destilação, após fermentação, de produtos da cana-de-açúcar;;;Cachaça;151;69;;;;0.0;0.0;17896607100263|17896607100270;https://cdn-cosmos.bluesoft.com.br/products/7896607100266;2014-04-24T11:07:34.000-03:00;2026-09-10T13:55:01.000-03:00;ncm:22084000
7896654400692;VINHO FONTANA TTO SUAVE 4LT;;22042211;Em recipientes de capacidade não superior a 5 l;;;;;;;;;0.0;0.0;;;2014-04-24T11:07:34.000-03:00;2026-07-31T17:03:26.000-03:00;ncm:22042211
7896654401231;VERMOUTH MARTILLINI;;22051000;Em recipientes de capacidade não superior a 2 l;;;;;;;;;0.0;0.0;;;2014-04-24T11:07:34.000-03:00;2026-07-31T17:03:35.000-03:00;ncm:22051000
7896657720018;CERVEJA A OUTRA CHOPP;A OUTRA;22030000;Cervejas de malte.;10000159;Cerveja;Cervejas;203;140;;;;0.0;0.0;7896657764050;;2014-04-24T11:07:34.000-03:00;2026-09-02T16:48:59.000-03:00;ncm:22030000
7896685200070;COQUETEL MEL E PEQUI;TEM TUDO;22082000;Aguardentes de vinho ou de bagaço de uvas;;;;;;;;;0.0;0.0;17896685200077;https://cdn-cosmos.bluesoft.com.br/products/7896685200070;2014-04-24T11:07:34.000-03:00;2026-09-08T17:22:55.000-03:00;ncm:22082000
7896696600296;VINHO BORDELES 750ML TINTO SECO;;22042910;Vinhos;;;;;;;;;0.0;0.0;;;2016-04-05T21:14:51.000-03:00;2026-07-31T17:30:17.000-03:00;ncm:22042910
7896696600364;VINHO BORDELES 750ML TINTO SUAVE;;22042910;Vinhos;;;;;;;;;0.0;0.0;;;2016-04-05T21:06:08.000-03:00;2026-07-31T17:30:18.000-03:00;ncm:22042910
7896711102910;WHISKY OLD EXCELLER 1L;;22083020;Em embalagens de capacidade inferior ou igual a 2 l;;;;;;;;;0.0;0.0;;;2014-04-24T11:07:34.000-03:00;2026-07-31T17:35:58.000-03:00;ncm:22083020
7896711103184;COQUETEL RAIZOV VANILLA;;22060090;Outras;;;;;;;;;0.0;0.0;;;2014-04-24T11:07:34.000-03:00;2026-07-31T17:35:59.000-03:00;ncm:22060090
7896711103191;COQUETEL RAIZOV FRUIT;;22060090;Outras;;;;;;;;;0.0;0.0;;;2014-04-24T11:07:34.000-03:00;2026-07-31T17:36:00.000-03:00;ncm:22060090
7896711103207;COQUETEL RAIZOV PESSEGO;;22060090;Outras;;;;;;;;;0.0;0.0;;https://cdn-cosmos.bluesoft.com.br/products/7896711103207;2014-04-24T11:07:34.000-03:00;2026-07-31T17:36:00.000-03:00;ncm:22060090
7896711103276;COQUETEL RAIZOV KIWI;;22060090;Outras;;;;;;;;;0.0;0.0;;;2014-04-24T11:07:34.000-03:00;2026-07-31T17:36:00.000-03:00;ncm:22060090
7896711103290;COQUETEL RAIZOV ACAI;;22060090;Outras;;;;;;;;;0.0;0.0;;;2014-04-24T11:07:34.000-03:00;2026-07-31T17:36:01.000-03:00;ncm:22060090
7896718200398;CATUABA DUELO;DUELO;22060090;Outras;;;;;;;;;0.0;0.0;7896718200282;https://cdn-cosmos.bluesoft.com.br/products/7896718200398;2014-04-24T11:07:34.000-03:00;2026-07-31T17:41:15.000-03:00;ncm:22060090
7896718200794;COQ DUELO TANG;DUELO;22060090;Outras;;;;;;;;;0.0;0.0;7896718200800|7896718200855;https://cdn-cosmos.bluesoft.com.br/products/7896718200794;2014-04-24T11:07:34.000-03:00;2026-07-31T17:41:17.000-03:00;ncm:22060090
7896718200817;COQ DUELO PESSEGO;DUELO;22060090;Outras;;;Vinhos;74;65;;;;0.0;0.0;;https://cdn-cosmos.bluesoft.com.br/products/7896718200817;2014-04-24T11:07:34.000-03:00;2026-07-31T17:41:18.000-03:00;ncm:22060090
7896718201173;COQ DUELO MARACUJA;DUELO;22060090;Outras;;;;;;;;;0.0;0.0;17896896900148|17896514702017;https://cdn-cosmos.bluesoft.com.br/products/7896718201173;2014-04-24T11:07:34.000-03:00;2026-07-31T17:41:22.000-03:00;ncm:22060090
7896718201524;COQ DUELO COCO;DUELO;22060090;Outras;;;;;;;;;0.0;0.0;7896718201531;https://cdn-cosmos.bluesoft.com.br/products/7896718201524;2014-04-24T11:07:34.000-03:00;2026-07-31T17:41:23.000-03:00;ncm:22060090
7896718201692;COQ DUELO CACAU;DUELO;22060090;Outras;;;;;;;;;0.0;0.0;;https://cdn-cosmos.bluesoft.com.br/products/7896718201692;2014-04-24T11:07:34.000-03:00;2026-07-31T17:41:23.000-03:00;ncm:22060090
7896718202620;COQ DUELO MOR;;22060090;Outras;;;;;;;;;0.0;0.0;;;2014-04-24T11:07:34.000-03:00;2026-07-31T17:41:27.000-03:00;ncm:22060090
7896731300044;VINHO MARAVILHA GARR 4 5LT SECO;;22042211;Em recipientes de capacidade não superior a 5 l;;;;;;;;;0.0;0.0;;;2014-04-24T11:07:34.000-03:00;2026-07-31T17:48:20.000-03:00;ncm:22042211
7896731300235;VINHO MARAVILHA GARR 4 5LT SUAVE;;22042211;Em recipientes de capacidade não superior a 5 l;;;;;;4500;4600;;0.0;0.0;;;2014-04-24T11:07:34.000-03:00;2026-07-31T17:48:25.000-03:00;ncm:22042211
7896731300754;COQUETEL VINHO TONEL VELHO 1,5LT;;22043000;Outros mostos de uvas;;;;;;;;;0.0;0.0;;;2015-01-14T22:00:00.000-02:00;2026-07-31T17:48:35.000-03:00;ncm:22043000
7896741646057;VINHO NAC RANDON 4,6L BRANCO SUAVE;;22042211;Em recipientes de capacidade não superior a 5 l;;;;;;;;;0.0;0.0;17896741646054;;2014-04-24T11:07:34.000-03:00;2026-07-31T17:51:06.000-03:00;ncm:22042211
7896741646156;VINHO RANDON 4 6L TINTO SUAVE;RANDON;22042211;Em recipientes de capacidade não superior a 5 l;;;Vinhos;74;65;;;;0.0;0.0;;https://cdn-cosmos.bluesoft.com.br/products/7896741646156;2014-04-24T11:07:34.000-03:00;2026-08-20T10:00:45.000-03:00;ncm:22042211
7896741646200;VINHO RANDON 4,6L ROSADO SECO;;22042211;Em recipientes de capacidade não superior a 5 l;;;;;;;;;0.0;0.0;;;2014-04-24T11:07:34.000-03:00;2026-07-31T17:51:07.000-03:00;ncm:22042211
7896741646255;VINHO RANDON ROSADO SUAVE 4,6ML;;22042211;Em recipientes de capacidade não superior a 5 l;;;;;;;;;0.0;0.0;;;2014-04-24T11:07:34.000-03:00;2026-07-31T17:51:07.000-03:00;ncm:22042211
7896741646705;VINHO RANDON 1 5LT BRANCO SUAVE;;22042211;Em recipientes de capacidade não superior a 5 l;;;;;;;;;0.0;0.0;;;2014-04-24T11:07:34.000-03:00;2026-08-18T09:59:26.000-03:00;ncm:22042211
7896741649041;CATUABA RANDON;ÁGUA MINERAL RANDON;22060090;Outras;;;Vinhos Brasileiros;216;74;;;;0.0;0.0;7896741646996;https://cdn-cosmos.bluesoft.com.br/products/7896741649041;2014-04-24T11:07:34.000-03:00;2026-09-10T08:10:32.000-03:00;ncm:22060090
7896741649508;VINHO RANDON BRANCO SECO 4 6L;;22042211;Em recipientes de capacidade não superior a 5 l;;;;;;;;;0.0;0.0;;;2015-01-14T22:00:00.000-02:00;2026-07-31T17:51:21.000-03:00;ncm:22042211
7896741649652;VINHO RANDON TINTO SECO 4 6L;;22042211;Em recipientes de capacidade não superior a 5 l;;;;;;;;;0.0;0.0;;;2015-01-14T22:00:00.000-02:00;2026-07-31T17:51:22.000-03:00;ncm:22042211
7896741649669;VINHO RANDON TINTO SUAVE 4 6L;;22042211;Em recipientes de capacidade não superior a 5 l;;;;;;;;;0.0;0.0;;https://cdn-cosmos.bluesoft.com.br/products/7896741649669;2015-01-14T22:00:00.000-02:00;2026-07-31T17:51:23.000-03:00;ncm:22042211
7896741650016;COQUETEL TEXANA LIMAOZINHO;;22060090;Outras;;;;;;;;;0.0;0.0;7896741650405;;2014-04-24T11:07:34.000-03:00;2026-07-31T17:51:24.000-03:00;ncm:22060090
7896741681027;JURUBEBA LEAO DO VALE;;22060090;Outras;;;;;;;;;0.0;0.0;7896741690029;;2014-04-24T11:07:34.000-03:00;2026-07-31T17:51:30.000-03:00;ncm:22060090
7896741681034;VINHO NAC CANTINA VALE 4L TINTO SECO;;22042211;Em recipientes de capacidade não superior a 5 l;;;;;;;;;0.0;0.0;;;2014-04-24T11:07:34.000-03:00;2026-07-31T17:51:30.000-03:00;ncm:22042211
7896741682307;COQUEL CANTINA SECO 4,6;;22042211;Em recipientes de capacidade não superior a 5 l;;;Vinhos Brasileiros;216;74;4600;4700;;0.0;0.0;7896741649652;https://cdn-cosmos.bluesoft.com.br/products/7896741682307;2014-04-24T11:07:34.000-03:00;2026-07-31T17:51:32.000-03:00;ncm:22042211
7896756800215;AGUARDENTE GRAPPA MIOLO GARRAFA 500ML;MIOLO;22082000;Aguardentes de vinho ou de bagaço de uvas;;;Vinhos;74;65;;;;0.0;0.0;17896756800212;https://cdn-cosmos.bluesoft.com.br/products/7896756800215;2014-04-24T11:07:34.000-03:00;2026-07-31T17:59:33.000-03:00;ncm:22082000
7896780900011;VH NAC CANCAO GARRAFAO TTO SECO 2X4.6 | VINHO CANCAO TINTO SECO;;22042211;Em recipientes de capacidade não superior a 5 l;;;;;;;;;0.0;0.0;17896780900018;;2014-04-24T11:07:34.000-03:00;2026-07-31T18:17:11.000-03:00;ncm:22042211
7896780900042;VINHO CANCAO TINTO SUAVE 4600;VINHOS CANÇÃO;22042211;Em recipientes de capacidade não superior a 5 l;;;;;;;;;0.0;0.0;17896780900049;;2014-04-24T11:07:34.000-03:00;2026-08-18T19:04:36.000-03:00;ncm:22042211
7896780900066;VH NAC CANCAO GARRAFAO BCO SV 2X4.6 | VINHO CANCAO BRANCO SUAVE 4600;;22042211;Em recipientes de capacidade não superior a 5 l;;;;;;;;;0.0;0.0;;;2014-04-24T11:07:34.000-03:00;2026-07-31T18:17:12.000-03:00;ncm:22042211
7896780900318;VH NAC CANCAO TINTO SUAVE 12X;;22042910;Vinhos;;;;;;;;;0.0;0.0;;;2015-09-18T16:29:06.000-03:00;2025-08-27T11:46:16.000-03:00;ncm:22042910
7896780902008;GARRAFAO CANCAO 4,6 L TINTO SECO;;22042211;Em recipientes de capacidade não superior a 5 l;;;;;;;;;0.0;0.0;;;2014-04-24T11:07:34.000-03:00;2026-07-31T18:17:20.000-03:00;ncm:22042211
7896923201043;VINHO BRANCO SECO PALMEIRAS 88;;22082000;Aguardentes de vinho ou de bagaço de uvas;;;;;;;;;0.0;0.0;;;2014-04-24T11:07:34.000-03:00;2026-07-31T19:14:12.000-03:00;ncm:22082000
7896923205010;VINHO PALMEIRA .;;22042211;Em recipientes de capacidade não superior a 5 l;;;;;;;;;0.0;0.0;;;2014-04-24T11:07:34.000-03:00;2026-07-31T19:14:17.000-03:00;ncm:22042211
7896923205034;VINHO PALMEIRAS BRANCO;;22042910;Vinhos;;;;;;1;1;;0.0;0.0;;;2015-09-17T06:44:39.000-03:00;2026-07-31T19:14:18.000-03:00;ncm:22042910
7896931611483;VINHO CAMPO LARGO COOLER MORANGO 12/;J P CHENET;22060090;Outras;;;Vinhos Brasileiros;216;74;;;;0.0;0.0;7896931611469;;2014-04-24T11:07:34.000-03:00;2026-07-31T19:15:38.000-03:00;ncm:22060090
7897015202061;VINHO DEL GRANO BRANCO SECO NIAGARA 1LT;;22042910;Vinhos;;;;;;;;;0.0;0.0;17897015202068;;2016-04-06T01:16:29.000-03:00;2026-08-11T06:45:38.000-03:00;ncm:22042910
7897015202078;VINHO DEL GRANO BRANCO SUAVE 1LT;;22042910;Vinhos;;;;;;;;;0.0;0.0;17897015202075;;2016-04-06T01:16:30.000-03:00;2026-08-13T19:20:41.000-03:00;ncm:22042910
7897015209985;VINHO DEL GRANO TINTO BORDO SUAVE 1LT;DEL GRANO;22042910;Vinhos;;;Vinhos Brasileiros;216;74;;;;0.0;0.0;17897015209982|17897015202037;https://cdn-cosmos.bluesoft.com.br/products/7897015209985;2016-04-06T01:14:55.000-03:00;2026-08-18T10:11:56.000-03:00;ncm:22042910
7897110000203;AGUARD SAFRA OURO;;22084000;Rum e outras aguardentes provenientes da destilação, após fermentação, de produtos da cana-de-açúcar;;;;;;;;;0.0;0.0;;;2014-04-24T11:07:34.000-03:00;2026-07-31T20:18:57.000-03:00;ncm:22084000
7897110000234;AGUARD SAFRA OURO CARVALHO;;22084000;Rum e outras aguardentes provenientes da destilação, após fermentação, de produtos da cana-de-açúcar;;;;;;0;0;;0.0;0.0;;;2014-04-24T11:07:34.000-03:00;2026-07-31T20:18:58.000-03:00;ncm:22084000
7897110000975;CONHAQUE NAUTILUS 1LT;;22082000;Aguardentes de vinho ou de bagaço de uvas;;;;;;;;;0.0;0.0;;;2014-04-24T11:07:34.000-03:00;2026-07-31T20:19:02.000-03:00;ncm:22082000
7897110001699;AGUARD CANINHA DA ROCA GOLD;;22084000;Rum e outras aguardentes provenientes da destilação, após fermentação, de produtos da cana-de-açúcar;;;;;;;;;0.0;0.0;;https://cdn-cosmos.bluesoft.com.br/products/7897110001699;2014-04-24T11:07:34.000-03:00;2026-07-31T20:19:04.000-03:00;ncm:22084000
7897200100110;VINHO TINTO SUAVE CATAFESTA 2L;;22082000;Aguardentes de vinho ou de bagaço de uvas;;;;;;;;;0.0;0.0;;;2014-04-24T11:07:34.000-03:00;2026-07-31T20:55:39.000-03:00;ncm:22082000
7897200100127;VINHO TINTO SECO CATAFESTA 2L;;22082000;Aguardentes de vinho ou de bagaço de uvas;;;;;;;;;0.0;0.0;;;2014-04-24T11:07:34.000-03:00;2026-07-31T20:55:40.000-03:00;ncm:22082000
7897268833326;VINHO SABATINI LICOROSO;;22059000;Outros;;;;;;;;;0.0;0.0;;;2014-04-24T11:07:34.000-03:00;2026-07-31T21:13:48.000-03:00;ncm:22059000
7897268844421;VINHO SABATINI ROSE;;22059000;Outros;;;;;;;;;0.0;0.0;;;2014-04-24T11:07:34.000-03:00;2026-07-31T21:13:48.000-03:00;ncm:22059000
7897365300011;VINHO IRMAOS PICCOLI 4,5LT TNTO SECO;;22042211;Em recipientes de capacidade não superior a 5 l;;;;;;;;;0.0;0.0;;;2014-04-24T11:07:34.000-03:00;2026-07-31T21:33:36.000-03:00;ncm:22042211
7897365300028;COQUETEL VINHO IRMAOS PICCOLI 4,5L TTO;;22042910;Vinhos;;;;;;1000;1050;;0.0;0.0;;;2014-04-24T11:07:34.000-03:00;2026-07-31T21:33:37.000-03:00;ncm:22042910
7897365300035;VINHO IRMAOS PICCOLI 4,5LT BCO SCO;;22042211;Em recipientes de capacidade não superior a 5 l;;;;;;;;;0.0;0.0;;;2014-04-24T11:07:34.000-03:00;2026-07-31T21:33:37.000-03:00;ncm:22042211
7897507400036;VINHO PICCOLI 4.6LT TTO SECO;;22042910;Vinhos;;;;;;;;;0.0;0.0;;;2016-04-06T02:27:18.000-03:00;2026-07-31T22:13:10.000-03:00;ncm:22042910
7897688504011;SIDRA DRINK DE PRATA;;22060010;Sidra;;;;;;;;;0.0;0.0;;;2014-04-24T11:07:34.000-03:00;2026-07-31T23:09:26.000-03:00;ncm:22060010
7897688504035;FILTRADO DRINK DE PRATA ROSADO;;22060010;Sidra;;;;;;;;;0.0;0.0;17897688504032;;2014-04-24T11:07:34.000-03:00;2026-07-31T23:09:27.000-03:00;ncm:22060010
7897736409053;BLACK FIRE WHISKY 1L;;22083090;Outros;;;;;;;;;0.0;0.0;;https://cdn-cosmos.bluesoft.com.br/products/7897736409053;2019-05-17T17:51:10.000-03:00;2026-07-01T13:16:08.000-03:00;ncm:22083090
7897779201096;VINH MONTE CARVALHO 750M;;22042910;Vinhos;;;;;;;;;0.0;0.0;;;2014-04-24T11:07:34.000-03:00;2026-07-31T23:39:13.000-03:00;ncm:22042910
7897779201195;VINHO MONTE CARVALHO BORDO TT SECO;;22042910;Vinhos;;;;;;;;;0.0;0.0;;;2014-04-24T11:07:34.000-03:00;2026-07-31T23:39:14.000-03:00;ncm:22042910
7897819893045;VINHO CANGUERA 4 5L TINTO SECO;;22042910;Vinhos;;;Vinho Tinto;247;74;;;;0.0;0.0;;;2014-04-24T11:07:34.000-03:00;2026-07-31T23:48:34.000-03:00;ncm:22042910
7897819893304;VINHO CANGUERA TINTO SECO 2LT;;22042910;Vinhos;;;;;;1000;1050;;0.0;0.0;;;2014-04-24T11:07:34.000-03:00;2026-07-31T23:48:38.000-03:00;ncm:22042910
7898010860805;CACHACA BOAZINHA;BOAZINHA COM ROSCA;22084000;Rum e outras aguardentes provenientes da destilação, após fermentação, de produtos da cana-de-açúcar;;;Cachaça;151;69;;;;0.0;0.0;7898010860812;https://cdn-cosmos.bluesoft.com.br/products/7898010860805;2014-04-24T11:07:34.000-03:00;2026-08-01T00:47:48.000-03:00;ncm:22084000
7898011450142;CACHAÇA ESPÍRITO DE MINAS 750ML;ESPIRITO DE MINAS;22084000;Rum e outras aguardentes provenientes da destilação, após fermentação, de produtos da cana-de-açúcar;;;;;;;;;0.0;0.0;;https://cdn-cosmos.bluesoft.com.br/products/7898011450142;2014-04-24T11:07:34.000-03:00;2026-08-01T00:48:22.000-03:00;ncm:22084000
7898043100138;COQ VINHO TROPICAL JURUBEBA;;22051000;Em recipientes de capacidade não superior a 2 l;;;;;;;;;0.0;0.0;;;2014-04-24T11:07:34.000-03:00;2026-08-02T01:00:15.000-03:00;ncm:22051000
7898075980104;AGUARDENTE ALEGRIA DA ROÇA;CACHAÇA ALEGRIA DA ROÇA;22084000;Rum e outras aguardentes provenientes da destilação, após fermentação, de produtos da cana-de-açúcar;;;;;;;;;0.0;0.0;78900296321906;https://cdn-cosmos.bluesoft.com.br/products/7898075980104;2014-04-24T11:07:34.000-03:00;2026-08-02T01:42:35.000-03:00;ncm:22084000
7898094890019;AGUARDENTE MARINBONDO 1L;;22084000;Rum e outras aguardentes provenientes da destilação, após fermentação, de produtos da cana-de-açúcar;;;Cachaça;151;69;;;;0.0;0.0;;;2014-04-24T11:07:34.000-03:00;2026-08-12T10:04:08.000-03:00;ncm:22084000
7898094890033;AGUARDENTE DONZELA 1L;;22084000;Rum e outras aguardentes provenientes da destilação, após fermentação, de produtos da cana-de-açúcar;;;;;;;;;0.0;0.0;;;2014-04-24T11:07:34.000-03:00;2026-08-02T02:05:34.000-03:00;ncm:22084000
7898138440569;ALCOOL LUMA SEPT GEL 1L;;22083010;Com um teor alcoólico, em volume, superior a 50 % vol, em recipientes de capacidade igual ou superior a 50 l;;;;;;;;;0.0;0.0;;;2018-08-14T08:13:00.000-03:00;2026-08-02T03:08:50.000-03:00;ncm:22083010
7898172660121;CANINHA JAMEL 12/;JAMEL;22084000;Rum e outras aguardentes provenientes da destilação, após fermentação, de produtos da cana-de-açúcar;;;;;;;;;0.0;0.0;;;2014-04-24T11:07:34.000-03:00;2026-08-02T03:58:23.000-03:00;ncm:22084000
7898230710508;CERVEJA STOUT PURO MALTE BADEN BADEN GARRAFA 600ML;BADEN BADEN;22030000;Cervejas de malte.;10000159;Cerveja;Cervejas Tradicionais;141;203;;;;0.0;0.0;7898230715251;https://cdn-cosmos.bluesoft.com.br/products/7898230710508;2014-04-24T11:07:34.000-03:00;2026-08-02T05:26:14.000-03:00;ncm:22030000
7898230715466;CERVEJA ALE CHOCOLATE BADEN BADEN GARRAFA 600ML;BADEN BADEN;22030000;Cervejas de malte.;10000159;Cerveja;Cervejas Tradicionais;141;203;;;;0.0;0.0;7898230715473;https://cdn-cosmos.bluesoft.com.br/products/7898230715466;2014-04-24T11:07:34.000-03:00;2026-08-02T05:26:21.000-03:00;ncm:22030000
7898234630093;AGUARDENTE COROADA LIMAO;;22082000;Aguardentes de vinho ou de bagaço de uvas;;;;;;1;1;;0.0;0.0;;;2014-04-24T11:07:34.000-03:00;2026-08-02T05:32:30.000-03:00;ncm:22082000
7898235980104;ESPUMANTE ITALIANO BRANCO BRUT ANELLA ANDREANI PROSECCO GARRAFA 750ML;ANELLA ANDREANI;22041090;Outros;;;Espumante e Champanhe;143;140;;;;0.0;0.0;57898235980109;https://cdn-cosmos.bluesoft.com.br/products/7898235980104;2014-04-24T11:07:34.000-03:00;2026-08-02T05:33:34.000-03:00;ncm:22041090
7898255980047;CACHAÇA CLÁSSICA SANTO GRAU PARATY GARRAFA 750ML;SANTO GRAU;22084000;Rum e outras aguardentes provenientes da destilação, após fermentação, de produtos da cana-de-açúcar;;;Cachaça;151;69;;;;0.0;0.0;17898255980044;https://cdn-cosmos.bluesoft.com.br/products/7898255980047;2014-04-24T11:07:34.000-03:00;2026-08-02T05:55:34.000-03:00;ncm:22084000
7898266930529;ESPUMANTE BRASILEIRO BRANCO BRUT FAUSTO SERRA GAÚCHA GARRAFA 750ML;PIZZATO;22041010;Tipo champanha (champagne);;;Espumante e Champanhe;143;140;;;;0.0;0.0;;https://cdn-cosmos.bluesoft.com.br/products/7898266930529;2014-04-24T11:07:34.000-03:00;2026-08-02T06:13:38.000-03:00;ncm:22041010
7898266930598;ESPUMANTE BRASILEIRO BRANCO DEMI-SEC FAUSTO SERRA GAÚCHA GARRAFA 750ML;PIZZATO;22041010;Tipo champanha (champagne);;;Espumante e Champanhe;143;140;;;;0.0;0.0;17898266930595;https://cdn-cosmos.bluesoft.com.br/products/7898266930598;2014-04-24T11:07:34.000-03:00;2026-08-02T06:13:39.000-03:00;ncm:22041010
7898276970072;ESPUMANTE CASA VALDUGA 130 BRUT;;22041010;Tipo champanha (champagne);;;Espumante e Champanhe;143;140;;;;0.0;0.0;17898276970079;https://cdn-cosmos.bluesoft.com.br/products/7898276970072;2014-04-24T11:07:34.000-03:00;2026-08-02T06:29:26.000-03:00;ncm:22041010
7898276970164;ESPUMANTE BRASILEIRO BRANCO BRUT RESERVA CASA VALDUGA CHARDONNAY PINOT NOIR VALE DOS VINHEDOS GARRAFA 750ML;CASA VALDUGA;22041010;Tipo champanha (champagne);;;Espumante e Champanhe;143;140;;;;0.0;0.0;;https://cdn-cosmos.bluesoft.com.br/products/7898276970164;2014-04-24T11:07:34.000-03:00;2026-08-02T06:29:28.000-03:00;ncm:22041010
7898276970867;ESPUM NAC ALTO VALE DEMI-SEC;MAGNUM;22041010;Tipo champanha (champagne);;;;;;4000;4000;;0.0;0.0;;https://cdn-cosmos.bluesoft.com.br/products/7898276970867;2014-04-24T11:07:34.000-03:00;2026-08-02T06:29:34.000-03:00;ncm:22041010
7898276971017;ESPUM NAC CASA VALDUGA ARTE TRADICIONAL DEMI-SEC;CASA VALDUGA;22041010;Tipo champanha (champagne);;;Espumante e Champanhe;143;140;;;;0.0;0.0;;https://cdn-cosmos.bluesoft.com.br/products/7898276971017;2014-04-24T11:07:34.000-03:00;2026-09-14T07:02:27.000-03:00;ncm:22041010
7898280620017;SIDRA LIDER MACA;;22060010;Sidra;;;Sidra;142;140;;;;0.0;0.0;17898280620212;https://cdn-cosmos.bluesoft.com.br/products/7898280620017;2014-04-24T11:07:34.000-03:00;2026-08-02T06:35:27.000-03:00;ncm:22060010
7898280620024;SIDRA LIDER TRADICIONAL, MACA;;22060010;Sidra;;;;;;;;;0.0;0.0;;;2014-04-24T11:07:34.000-03:00;2026-08-02T06:35:27.000-03:00;ncm:22060010
7898280620208;ESPUMANTE CRISTAL PRATA BRANCA;;22060010;Sidra;;;Espumante e Champanhe;143;140;;;;0.0;0.0;17898280620205;https://cdn-cosmos.bluesoft.com.br/products/7898280620208;2014-04-24T11:07:34.000-03:00;2026-08-02T06:35:30.000-03:00;ncm:22060010
7898280620215;SIDRA LIDER;LÍDER BEBIDAS;22060090;Outras;;;Espumante e Champanhe;143;140;;;;0.0;0.0;;https://cdn-cosmos.bluesoft.com.br/products/7898280620215;2014-04-24T11:07:34.000-03:00;2026-09-14T09:26:22.000-03:00;ncm:22060090
7898280620307;ESPUMANTE LEADER CESTA NATAL;;22060010;Sidra;;;;;;;;;0.0;0.0;;;2014-04-24T11:07:34.000-03:00;2026-08-02T06:35:32.000-03:00;ncm:22060010
7898298540017;VINHO DO FRADE TINTO SUAVE 4,6L;;22082000;Aguardentes de vinho ou de bagaço de uvas;;;;;;;;;0.0;0.0;;https://cdn-cosmos.bluesoft.com.br/products/7898298540017;2014-04-24T11:07:34.000-03:00;2026-08-02T07:00:40.000-03:00;ncm:22082000
7898298540024;VINHO DO FRADE TINTO SECO 4,6L;;22082000;Aguardentes de vinho ou de bagaço de uvas;;;;;;;;;0.0;0.0;;https://cdn-cosmos.bluesoft.com.br/products/7898298540024;2014-04-24T11:07:34.000-03:00;2026-08-02T07:00:40.000-03:00;ncm:22082000
7898298540185;VINHO DO FRADE TINTO SUAVE;;22042910;Vinhos;;;Vinhos Brasileiros;216;74;;;;0.0;0.0;;;2014-04-24T11:07:34.000-03:00;2026-08-08T10:05:29.000-03:00;ncm:22042910
7898298540192;VINHO DO FRADE TINTO SECO;;22082000;Aguardentes de vinho ou de bagaço de uvas;;;;;;;;;0.0;0.0;;https://cdn-cosmos.bluesoft.com.br/products/7898298540192;2014-04-24T11:07:34.000-03:00;2026-08-08T10:05:28.000-03:00;ncm:22082000
7898298540574;VINHO BRANCO NIAGARA SECO FRADE RESEVA;;22082000;Aguardentes de vinho ou de bagaço de uvas;;;;;;;;;0.0;0.0;;https://cdn-cosmos.bluesoft.com.br/products/7898298540574;2014-04-24T11:07:34.000-03:00;2026-08-08T10:05:12.000-03:00;ncm:22082000
7898307570028;VINHO PINHEIRENSE 4 6LT TTO SECO;;22042211;Em recipientes de capacidade não superior a 5 l;;;;;;;;;0.0;0.0;;;2014-04-24T11:07:34.000-03:00;2026-08-02T07:10:14.000-03:00;ncm:22042211
7898312690025;AGUARDENTE VELHO CARREIRO;VELHO CARREIRO;22084000;Rum e outras aguardentes provenientes da destilação, após fermentação, de produtos da cana-de-açúcar;;;;;;;;;0.0;0.0;;;2014-04-24T11:07:34.000-03:00;2026-08-02T07:17:33.000-03:00;ncm:22084000
7898395720039;CATUABA ARRETADA;;22082000;Aguardentes de vinho ou de bagaço de uvas;;;;;;;;;0.0;0.0;;;2014-04-24T11:07:34.000-03:00;2026-08-02T08:57:41.000-03:00;ncm:22082000
7898395720510;CATUABA ARRETADA;;22082000;Aguardentes de vinho ou de bagaço de uvas;;;;;;;;;0.0;0.0;;;2014-04-24T11:07:34.000-03:00;2026-08-02T08:57:51.000-03:00;ncm:22082000
7898568810093;INSANA AMERICAN PALE ALE;INSANA;22060090;Outras;10000159;Cerveja;Cervejas Especiais;204;203;;;;0.0;0.0;;https://cdn-cosmos.bluesoft.com.br/products/7898568810093;2014-04-24T11:07:34.000-03:00;2026-08-03T00:57:47.000-03:00;ncm:22060090
7898915125023;CHAMPAGNE;;22060010;Sidra;;;;;;;;;0.0;0.0;;;2014-04-24T11:07:34.000-03:00;2026-08-03T08:43:14.000-03:00;ncm:22060010
7898915125047;SIDRA FESTVAL DE PRATA ROSE;;22060010;Sidra;;;;;;;;;0.0;0.0;;;2014-04-24T11:07:34.000-03:00;2026-08-03T08:43:14.000-03:00;ncm:22060010
7898915283921;CACHACA 1113;;22084000;Rum e outras aguardentes provenientes da destilação, após fermentação, de produtos da cana-de-açúcar;;;;;;;;;0.0;0.0;;;2014-04-24T11:07:34.000-03:00;2026-08-03T08:43:44.000-03:00;ncm:22084000
7898924668016;CACHACA LEBLON;CACHAÇA LEBLON;22084000;Rum e outras aguardentes provenientes da destilação, após fermentação, de produtos da cana-de-açúcar;;;;;;;;;0.0;0.0;;https://cdn-cosmos.bluesoft.com.br/products/7898924668016;2014-04-24T11:07:34.000-03:00;2026-08-03T09:41:00.000-03:00;ncm:22084000
7898925943877;CERVEJA COLORADO TITAS;;22030000;Cervejas de malte.;10000159;Cerveja;Cervejas Especiais;204;203;;;;0.0;0.0;;https://cdn-cosmos.bluesoft.com.br/products/7898925943877;2014-04-24T11:07:34.000-03:00;2026-08-03T09:48:18.000-03:00;ncm:22030000
7898926704019;AGUARDENTE SPIRIT C/CAFE;;22084000;Rum e outras aguardentes provenientes da destilação, após fermentação, de produtos da cana-de-açúcar;;;;;;1;1;;0.0;0.0;;;2014-04-24T11:07:34.000-03:00;2026-08-03T09:53:33.000-03:00;ncm:22084000
7898927981020;ESPUM ITAL COSTAZZURRA PROSECCO BRUT;QUERO;22041090;Outros;;;;;;;;;0.0;0.0;;;2014-04-24T11:07:34.000-03:00;2026-08-03T10:03:19.000-03:00;ncm:22041090
7898927981051;VINHO COSTAZURRA MONT ABRUZZO;QUERO;22059000;Outros;;;;;;;;;0.0;0.0;;;2014-04-24T11:07:34.000-03:00;2026-08-03T10:03:20.000-03:00;ncm:22059000
7898932685036;ESPUM NAC PONTO NERO ROSE BRUT;NERO;22041010;Tipo champanha (champagne);;;Espumante e Champanhe;143;140;;;;0.0;0.0;17898932685033;https://cdn-cosmos.bluesoft.com.br/products/7898932685036;2014-04-24T11:07:34.000-03:00;2026-08-03T10:30:15.000-03:00;ncm:22041010
7898932685203;ESPUM NAC ALTO VALE PROSECCO;MAGNUM;22041010;Tipo champanha (champagne);;;;;;;;;0.0;0.0;;https://cdn-cosmos.bluesoft.com.br/products/7898932685203;2014-04-24T11:07:34.000-03:00;2026-08-03T10:30:16.000-03:00;ncm:22041010
7898932798019;BAMBERG PILSEN LONG NECK 1 UNIDADE;;22030000;Cervejas de malte.;10000159;Cerveja;;;;;;;0.0;0.0;;https://cdn-cosmos.bluesoft.com.br/products/bamberg-pilsen-long-neck-355-ml-1-unidade_600x600-PU7faa1_1.jpg;2014-04-24T11:07:34.000-03:00;2026-08-03T10:31:39.000-03:00;ncm:22030000
7898932798033;BAMBERG WEIZEN LONG NECK 1 UNIDADE;;22030000;Cervejas de malte.;10000159;Cerveja;;;;;;;0.0;0.0;;https://cdn-cosmos.bluesoft.com.br/products/bamberg-weizen-long-neck-355-ml-1-unidade_600x600-PU7faa2_1.jpg;2014-04-24T11:07:34.000-03:00;2026-08-03T10:31:40.000-03:00;ncm:22030000
7898932798057;CERVEJA BAMBERG BOCK;;22030000;Cervejas de malte.;10000159;Cerveja;;;;;;;0.0;0.0;;https://cdn-cosmos.bluesoft.com.br/products/7898932798057;2014-04-24T11:07:34.000-03:00;2026-08-03T10:31:40.000-03:00;ncm:22030000
7898945134163;WHISKY CUTTY SARK 1L PACK C/COPO;;22083020;Em embalagens de capacidade inferior ou igual a 2 l;;;;;;;;;0.0;0.0;;;2014-04-24T11:07:34.000-03:00;2026-08-03T11:51:10.000-03:00;ncm:22083020
7898947426136;AMAZON BEER FOREST BACURI SPECIALTY BEER GARRAFA 1 UNIDADE;;22030000;Cervejas de malte.;10000159;Cerveja;Cervejas Tradicionais;141;203;;;;0.0;0.0;;https://cdn-cosmos.bluesoft.com.br/products/amazon-beer-forest-bacuri-specialty-beer-garrafa-355-ml-1-unidade_600x600-PU7d195_1.jpg;2014-04-24T11:07:34.000-03:00;2026-08-03T12:06:04.000-03:00;ncm:22030000
7898947426174;AMAZON BEER WITBIER TAPEREBÁ WITBIER LONG NECK 1 UNIDADE;;22030000;Cervejas de malte.;10000159;Cerveja;Cervejas Tradicionais;141;203;;;;0.0;0.0;;https://cdn-cosmos.bluesoft.com.br/products/amazon-beer-witbier-tapereba-witbier-long-neck-355-ml-1-unidade_300x300-PU7d056_1.jpg;2014-04-24T11:07:34.000-03:00;2026-08-03T12:06:04.000-03:00;ncm:22030000
7898947426198;CERVEJA NACIONAL PRIPRIOCA AMAZON BEER LONG NECK;;22030000;Cervejas de malte.;10000159;Cerveja;Cervejas Tradicionais;141;203;;;;0.0;0.0;;https://cdn-cosmos.bluesoft.com.br/products/7898947426198;2014-04-24T11:07:34.000-03:00;2026-08-03T12:06:04.000-03:00;ncm:22030000
7898947426204;AMAZON BEER CUMARU;;22030000;Cervejas de malte.;10000159;Cerveja;;;;;;;0.0;0.0;;https://cdn-cosmos.bluesoft.com.br/products/7898947426204;2014-04-24T11:07:34.000-03:00;2026-08-03T12:06:05.000-03:00;ncm:22030000
7898947426211;AMAZON BEER STOUT AÇAÍ;;22030000;Cervejas de malte.;10000159;Cerveja;Cervejas Tradicionais;141;203;;;;0.0;0.0;;https://cdn-cosmos.bluesoft.com.br/products/7898947426211;2014-04-24T11:07:34.000-03:00;2026-08-03T12:06:05.000-03:00;ncm:22030000
7898947630014;VINHO VAILATTI 4 55L TINT;;22042920;Mostos;;;;;;;;;0.0;0.0;;;2021-04-08T14:51:43.000-03:00;2026-08-28T04:40:44.000-03:00;ncm:22042920
7898947630021;VINHO VAILATTI TINTO SECO 4.5L;;22042920;Mostos;;;;;;;;;0.0;0.0;;;2021-07-16T11:28:28.000-03:00;2025-11-24T17:29:24.000-03:00;ncm:22042920
7898947630038;VINHO VAILATTI BRANCO SECO 4.5L;;22042920;Mostos;;;;;;;;;0.0;0.0;;;2021-09-05T05:33:10.000-03:00;2026-01-15T16:08:15.000-03:00;ncm:22042920
7898947630045;VINHO BCO VAILATTI 4.5L SUAVE;;22042920;Mostos;;;;;;;;;0.0;0.0;;;2023-04-17T07:39:24.000-03:00;2025-11-24T17:29:25.000-03:00;ncm:22042920
7898947630373;VINHO BRASILEIRO ROSADO SUAVE SÃO PASQUAL GARRAFÃO 4,55L;;22042920;Mostos;;;Vinho Rosé;246;74;;;;0.0;0.0;;https://cdn-cosmos.bluesoft.com.br/products/7898947630373;2020-11-22T13:43:51.000-03:00;2024-05-28T18:08:31.000-03:00;ncm:22042920
7898949766162;VINHO VILENA 4,6L BORDO TINTO SUAVE;;22043000;Outros mostos de uvas;;;Vinhos;74;65;;;;0.0;0.0;17898949766169;https://cdn-cosmos.bluesoft.com.br/products/7898949766162;2015-02-19T12:36:25.000-02:00;2026-08-03T12:19:15.000-03:00;ncm:22043000
7898949766179;VINHO VILENA 4,6L BORDO TINTO SECO;;22043000;Outros mostos de uvas;;;Vinhos;74;65;;;;0.0;0.0;17898949766176;https://cdn-cosmos.bluesoft.com.br/products/7898949766179;2015-02-19T12:38:51.000-02:00;2026-08-03T12:19:15.000-03:00;ncm:22043000
7898994017325;SAQUÊ SECO JUNMAI RYUUJIN BLACK GARRAFA 745ML;RYUUJIN;22060090;Outras;;;;;;;;;0.0;0.0;17898994017322;https://cdn-cosmos.bluesoft.com.br/products/7898994017325;2014-04-24T11:07:34.000-03:00;2026-08-03T13:31:13.000-03:00;ncm:22060090
7899413373268;VINHO CHI MONTES ALPHA CABERNET SAUVIG;;22042910;Vinhos;;;;;;;;;0.0;0.0;;https://cdn-cosmos.bluesoft.com.br/products/7899413373268;2018-06-24T06:52:14.000-03:00;2026-08-03T15:20:58.000-03:00;ncm:22042910
8000174207009;ESPUMANTE ITALIANO BRANCO DOCE FONTANAFREDDA MOSCATO ASTI GARRAFA 750ML;FONTANAFREDDA;22041090;Outros;;;Espumante e Champanhe;143;140;;;;0.0;0.0;;https://cdn-cosmos.bluesoft.com.br/products/8000174207009;2014-04-24T11:07:34.000-03:00;2026-08-05T03:45:00.000-03:00;ncm:22041090
8000428000424;ESPUM ITAL PERLINO ASTI;;22042100;Em recipientes de capacidade não superior a 2 l;;;Espumante e Champanhe;143;140;;;;0.0;0.0;;https://cdn-cosmos.bluesoft.com.br/products/8000428000424;2014-04-24T11:07:34.000-03:00;2026-08-05T03:46:10.000-03:00;ncm:22042100
8000428015602;LICOR PERLINO CHOCO DI TORINO;;22042100;Em recipientes de capacidade não superior a 2 l;;;Licor;240;140;;;;0.0;0.0;;;2014-04-24T11:07:34.000-03:00;2026-08-05T03:46:11.000-03:00;ncm:22042100
8000428015800;LICOR LIMONCELLO PERLINO DEL SOLE 1L;;22042100;Em recipientes de capacidade não superior a 2 l;;;;;;750;750;;0.0;0.0;;https://cdn-cosmos.bluesoft.com.br/products/8000428015800;2014-04-24T11:07:34.000-03:00;2026-08-05T03:46:11.000-03:00;ncm:22042100
8000570005056;MARTINI ASTI|750|CHAMPAGNE;;22043000;Outros mostos de uvas;;;;;;;;;0.0;0.0;;https://cdn-cosmos.bluesoft.com.br/products/8000570005056;2014-04-24T11:07:34.000-03:00;2026-08-05T03:46:42.000-03:00;ncm:22043000
8001929214679;VINHO BRANCO ESPUMANTE CELLA;;22082000;Aguardentes de vinho ou de bagaço de uvas;;;;;;;;;0.0;0.0;;;2014-04-24T11:07:34.000-03:00;2026-08-05T03:49:55.000-03:00;ncm:22082000
8003295000245;ESPUM ESP PINOT CHARDONNAY BRUT;;22041090;Outros;;;;;;;;;0.0;0.0;;;2014-04-24T11:07:34.000-03:00;2026-08-05T03:53:50.000-03:00;ncm:22041090
8003905095548;ESPUM ITAL LA VENEZIANA PROSECCO;;22041090;Outros;;;Espumante e Champanhe;143;140;;;;0.0;0.0;;;2014-04-24T11:07:34.000-03:00;2026-08-05T03:55:27.000-03:00;ncm:22041090
8004300011386;VINHO MARANELLO LAMBRUSCO;;22059000;Outros;;;;;;0;0;;0.0;0.0;;;2014-04-24T11:07:34.000-03:00;2026-08-05T03:56:04.000-03:00;ncm:22059000
8005400514340;ESPUM ITAL CHIARELLI PROSECCO;;22042100;Em recipientes de capacidade não superior a 2 l;;;Espumante e Champanhe;143;140;750;750;;0.0;0.0;18005400514347;https://cdn-cosmos.bluesoft.com.br/products/8005400514340;2014-04-24T11:07:34.000-03:00;2026-08-05T03:59:41.000-03:00;ncm:22042100
8005400544040;ESPUM ITAL CONTARINI VICTOR ROSE;;22041090;Outros;;;;;;;;;0.0;0.0;;https://cdn-cosmos.bluesoft.com.br/products/8005400544040;2014-04-24T11:07:34.000-03:00;2026-08-05T03:59:41.000-03:00;ncm:22041090
8005400713828;ESPUM ITAL COSTAZZURRA ROSE;;22041090;Outros;;;;;;;;;0.0;0.0;;;2014-04-24T11:07:34.000-03:00;2026-08-05T03:59:42.000-03:00;ncm:22041090
8005400878244;ESPUM ITAL CONTARINI ROSE;;22041090;Outros;;;;;;;;;0.0;0.0;;;2014-04-24T11:07:34.000-03:00;2026-08-05T03:59:45.000-03:00;ncm:22041090
8005400884542;ESPUM ITAL CONTARINI EXT DRY PROSE;;22041090;Outros;;;;;;;;;0.0;0.0;;;2014-04-24T11:07:34.000-03:00;2026-08-05T03:59:45.000-03:00;ncm:22041090
8005400884849;ESPUM ITAL CONTARINI PROSECCO;;22041090;Outros;;;;;;;;;0.0;0.0;;;2014-04-24T11:07:34.000-03:00;2026-08-05T03:59:45.000-03:00;ncm:22041090
8006233108003;BEBIDA MISTA ALCOÓLICA BELLINI CANELLA GARRAFA 750ML;BELLINI CANELLA;22060090;Outras;;;;;;;;;0.0;0.0;;https://cdn-cosmos.bluesoft.com.br/products/8006233108003;2014-04-24T11:07:34.000-03:00;2026-08-05T04:01:09.000-03:00;ncm:22060090
8008820103132;VINHO COSTAZZURRA LAMBRUSCO BCO;;22059000;Outros;;;;;;;;;0.0;0.0;;;2014-04-24T11:07:34.000-03:00;2026-08-05T04:04:44.000-03:00;ncm:22059000
8008920850820;VINHO GIACOBAZZI 750ML BIANCO;;22042910;Vinhos;;;Vinhos;74;65;;;;0.0;0.0;;;2017-10-13T07:56:26.000-03:00;2026-08-05T04:05:43.000-03:00;ncm:22042910
8010391001137;ESPUM ITAL GIUSTINO RUGGERI PROSECCO;;22041090;Outros;;;;;;;;;0.0;0.0;;;2014-04-24T11:07:34.000-03:00;2026-08-05T04:07:01.000-03:00;ncm:22041090
8010462003336;VINHO LAMBRUSCO ALLEGRO ROSSO;;22059000;Outros;;;;;;1;1;;0.0;0.0;;;2014-04-24T11:07:34.000-03:00;2026-08-05T04:07:08.000-03:00;ncm:22059000
8033210410255;VINHO ITALIA 750ML SASSOALLORO;SASSOALLORO;22042910;Vinhos;10000273;Vinho - Fortificado;Vinhos;74;65;750;1350;;0.0;0.0;;https://cdn-cosmos.bluesoft.com.br/products/8033210410255/2018-06-29-13-57-13-0300;2017-09-14T10:31:39.000-03:00;2026-08-05T04:14:25.000-03:00;ncm:22042910
8410013990571;ESPUM ESP CODORNIU CUVEE DE RAVEN;;22041090;Outros;;;;;;;;;0.0;0.0;8410013990588;;2014-04-24T11:07:34.000-03:00;2026-08-05T04:19:43.000-03:00;ncm:22041090
8410013993626;BRUT ROSÉ CODORNIU ESPUMANTE PINOT NOIR;CODORNIU;22041090;Outros;;;Espumante e Champanhe;143;140;;;;0.0;0.0;8410013993633;https://cdn-cosmos.bluesoft.com.br/products/8410013993626;2014-04-24T11:07:34.000-03:00;2026-08-05T04:19:43.000-03:00;ncm:22041090
8410036001094;CAVA ESPANHOL ROSÉ BRUT GRAN SELECCIÓN CORDON ROSADO FREIXENET GARNACHA TREPAT GARRAFA 750ML;FREIXENET;22041090;Outros;;;Espumante e Champanhe;143;140;;;;0.0;0.0;8410036101206;https://cdn-cosmos.bluesoft.com.br/products/8410036001094;2014-04-24T11:07:34.000-03:00;2026-08-05T04:20:00.000-03:00;ncm:22041090
8410036006297;CHAMPAGNE FREIXENET BABY C NEVADA;FREIXENET;22041090;Outros;;;Espumante e Champanhe;143;140;;;;0.0;0.0;8410036106591;https://cdn-cosmos.bluesoft.com.br/products/8410036006297;2014-04-24T11:07:34.000-03:00;2026-08-05T04:20:01.000-03:00;ncm:22041090
8410036009298;FREIXENET CORDON NEGRO|200|CHAMPAGNE;;22041090;Outros;;;Espumante e Champanhe;143;140;;;;0.0;0.0;90000215733|8410036109448;https://cdn-cosmos.bluesoft.com.br/products/8410036009298;2014-04-24T11:07:34.000-03:00;2026-08-05T04:20:02.000-03:00;ncm:22041090
8411277400318;ESPUM ESP CRISTALINO BRUT ROSE;;22041090;Outros;;;;;;;;;0.0;0.0;8411277206705;https://cdn-cosmos.bluesoft.com.br/products/8411277400318;2014-04-24T11:07:34.000-03:00;2026-08-05T04:26:08.000-03:00;ncm:22041090
8411277400417;ESPUM ESP CRISTALINO BRUT;;22041010;Tipo champanha (champagne);;;;;;;;;0.0;0.0;8411277203568|8411277206729;https://cdn-cosmos.bluesoft.com.br/products/8411277400417;2014-04-24T11:07:34.000-03:00;2026-09-03T11:02:07.000-03:00;ncm:22041010
8423360010052;BRANDY JEREZ SOLERA RESERVA 700ML;FERNANDO DE CASTILLA;22082000;Aguardentes de vinho ou de bagaço de uvas;;;Conhaque;149;69;;;;0.0;0.0;28423360010056;https://cdn-cosmos.bluesoft.com.br/products/8423360010052;2014-04-24T11:07:34.000-03:00;2026-08-05T04:29:36.000-03:00;ncm:22082000
8501110080446;RUM CUBANO ENVELHECIDO HAVANA CLUB GARRAFA 750ML;HAVANA CLUB;22084000;Rum e outras aguardentes provenientes da destilação, após fermentação, de produtos da cana-de-açúcar;;;Rum;146;69;;;;0.0;0.0;48501110080444;https://cdn-cosmos.bluesoft.com.br/products/8501110080446;2014-04-24T11:07:34.000-03:00;2026-08-05T04:43:42.000-03:00;ncm:22084000
8579370000122;AGUARD ATTITUDE 1L;;22084000;Rum e outras aguardentes provenientes da destilação, após fermentação, de produtos da cana-de-açúcar;;;;;;;;;0.0;0.0;;;2014-04-24T11:07:34.000-03:00;2026-08-05T04:43:57.000-03:00;ncm:22084000
8594403110111;BUDWEISER BUDVAR;LENOVO;22030000;Cervejas de malte.;10000159;Cerveja;Cervejas Tradicionais;141;203;;;;0.0;0.0;18594403110118;https://cdn-cosmos.bluesoft.com.br/products/8594403110111;2014-04-24T11:07:34.000-03:00;2026-08-11T13:05:26.000-03:00;ncm:22030000
8594404110127;PILSNER | URQUELL BIERE BOUTEILLE VERRE 4.4 DEGRES BLONDE;PILSENER URQUELL;22030000;Cervejas de malte.;10000159;Cerveja;;;;;;;0.0;0.0;18594404110124;https://cdn-cosmos.bluesoft.com.br/products/8594404110127;2014-04-24T11:07:34.000-03:00;2026-08-05T04:45:44.000-03:00;ncm:22030000
9300727406453;VINHO BRANCO JACOBS CREEK CHARDONNAY;;22041010;Tipo champanha (champagne);;;Vinhos;74;65;;;;0.0;0.0;19300727406047|19300727406009;https://cdn-cosmos.bluesoft.com.br/products/9300727406453;2014-04-24T11:07:34.000-03:00;2026-08-07T12:06:13.000-03:00;ncm:22041010
27896050200821;AGUARD VELHO BARREIRO GLASS PRATA - 910ML;IRB;22084000;Rum e outras aguardentes provenientes da destilação, após fermentação, de produtos da cana-de-açúcar;50202200;Bebidas alcoólicas;;;;910;910;;0.0;0.0;7896050200827;https://cdn-cosmos.bluesoft.com.br/products/27896050200821/2018-04-02-10-35-28-0300;2014-04-24T11:07:34.000-03:00;2024-08-12T18:32:36.000-03:00;ncm:22084000
